source_name,target_name,confidence
tdcA,deoR,0.9959689378738403
tdcA,hupA,1.0
modE,gatR_2,0.9999997615814209
mntR,treR,0.9799061417579651
decoy10,gadE,0.837445855140686
gatR_1,fabR,0.9805335998535156
xapR,zntR,0.9935449361801147
decoy16,zntR,0.9940270185470581
decoy5,leuO,0.9763339757919312
appY,creB,0.8859058618545532
qseB,nikR,0.9993963241577148
metJ,dnaA,0.9995865225791931
decoy11,gatR_2,1.0
decoy11,dnaA,0.9977109432220459
araC,decoy3,0.968221127986908
araC,rpiR,0.9993661046028137
araC,leuO,0.9996689558029175
gadW,dnaA,0.9991790652275085
decoy3,gatR_2,1.0
rpiR,gatR_2,0.9999997615814209
hdfR,rtcR,0.9745409488677979
narP,leuO,0.9920459985733032
zur,gatR_2,0.9999998807907104
acrR,zur,0.9741334319114685
acrR,hupA,0.9999985694885254
birA,gatR_2,1.0
zraR,soxR,0.8340885043144226
mdtC,hupA,0.9999998807907104
argF,exuR,0.9885791540145874
fixB,pspF,0.9076351523399353
phnD,gatR_2,1.0
rhaB,cusR,0.9951397180557251
hcaB,hupA,0.9999990463256836
rrlA,hns,0.9195282459259033
lysU,dsdC,0.9953219294548035
prfA,hupA,0.9999995231628418
rffM,asnC,0.9762483239173889
pheV,cusR,0.9984934329986572
argD,glpR,0.8288742899894714
fadI,rbsR,0.9997182488441467
dcuS,asnC,0.9813419580459595
dcuS,zntR,0.9980329871177673
mhpT,gatR_2,1.0
gcvP,gatR_2,1.0
apaH,gatR_2,1.0
tnaC,fucR,0.9499213099479675
tnaC,flhD,0.9994078874588013
uidC,gatR_2,1.0
ftnA,leuO,0.9973207116127014
hisM,hcaR,0.9969659447669983
hisM,nikR,0.9999194145202637
yhdW,metR,0.9383456110954285
yhdW,gatR_2,1.0
bioA,torR,0.9919955730438232
nfo,hupA,0.9999994039535522
nfo,dhaR,0.9929831027984619
aslB,dnaA,0.9996941089630127
hyaD,gcvA,0.9998716115951538
emrK,gatR_2,1.0
emrK,flhD,0.9996054768562317
allE,gcvA,0.9999796152114868
allE,allR,0.9786339998245239
fepC,nac,0.8069518804550171
kbl,hupA,0.9999988079071045
ygiA,gcvA,0.9999748468399048
setA,uidR,0.9205030798912048
puuA,leuO,0.9991326928138733
ydeA,gatR_2,1.0
nupG,gcvA,0.9999686479568481
nupG,nikR,0.999749481678009
rtcB,melR,0.9988440275192261
rtcB,rbsR,0.9998620748519897
rtcB,idnR,0.9931415915489197
napB,decoy17,0.9778559803962708
decoy24,dnaA,0.9994945526123047
idnD,rpiR,0.9973416924476624
xdhA,exuR,0.9953150749206543
xdhA,gatR_2,1.0
folA,gcvA,0.9999886751174927
folA,nikR,0.9999092817306519
fumB,decoy7,0.8912308812141418
recN,zntR,0.9991003274917603
argT,hupA,0.9999997615814209
znuB,decoy8,0.9846881031990051
ilvD,decoy11,0.905806303024292
ilvD,murR,0.9229491353034973
rpoD,nemR,0.9645367860794067
cpxP,gntR,0.9944585561752319
ykgO,gatR_2,1.0
phnI,crp,0.9274435043334961
moaA,dnaA,0.9999345541000366
hycG,decoy15,0.9295015335083008
hycG,dsdC,0.9762392640113831
proX,hcaR,0.9428697228431702
hycH,gatR_2,1.0
sgbU,gatR_2,1.0
sgbU,nikR,0.9988679885864258
kbaY,dsdC,0.9723283052444458
cydD,hupA,0.9999984502792358
serT,gatR_2,1.0
gltA,fucR,0.9429054260253906
purE,dhaR,0.9977172613143921
rseC,treR,0.9652300477027893
cysC,nikR,0.9998687505722046
ksgA,melR,0.9974633455276489
nuoN,gcvA,0.9998853206634521
nuoN,gatR_2,1.0
prs,gcvA,0.9998031258583069
hybC,allR,0.9844037294387817
phnO,exuR,0.9662136435508728
flgG,dnaA,0.9993991851806641
trxA,nikR,0.9994739890098572
trxA,dnaA,0.9995385408401489
ddpD,hupA,0.9999995231628418
nuoB,decoy15,0.9618771076202393
glnX,decoy15,0.885567843914032
ptsG,gcvA,0.9999663829803467
ptsG,melR,0.9971386194229126
ptsG,rbsR,0.9996713399887085
nrfF,gatR_2,1.0
tauA,murR,0.8645215034484863
leuA,gatR_2,1.0
fucI,modE,0.9955477714538574
ddpX,rbsR,0.9998493194580078
gpmA,gatR_2,1.0
gpmA,flhD,0.9998741149902344
gpmA,rpiR,0.999383807182312
decoy40,arcA,0.9717937111854553
fimB,dhaR,0.9989639520645142
dmsD,gatR_2,1.0
tsgA,asnC,0.9480145573616028
inaA,dicA,0.8987356424331665
inaA,gcvA,0.9999275207519531
hybD,leuO,0.9982786178588867
hybD,hupA,0.9999997615814209
leuB,hupA,0.9999985694885254
cvpA,gcvA,0.9999425411224365
alsA,gcvA,0.9999778270721436
gatZ,nemR,0.9657644629478455
csgF,exuR,0.9947000741958618
csgF,gatR_2,1.0
csgF,nikR,0.9998134970664978
nrdH,gcvA,0.9999494552612305
decoy45,rpiR,0.9852933287620544
rplC,bglJ,0.8678045868873596
glyU,trpR,0.9699760675430298
mhpD,modE,0.9845405220985413
trpC,decoy8,0.9654141664505005
dinQ,gcvA,0.9999520778656006
dinQ,dhaR,0.9978324770927429
ccmA,decoy16,0.8475803732872009
alsC,gatR_2,1.0
gltT,pspF,0.9919982552528381
argB,gatR_2,1.0
ydhX,dnaA,0.9999523162841797
ackA,iscR,0.9620813131332397
ilvB,dnaA,0.9995738863945007
nfsA,zntR,0.9880241751670837
glcA,gatR_2,1.0
fimI,alpA,0.9587628245353699
fimI,zntR,0.9996404647827148
phnH,hupA,0.9999988079071045
leuQ,allR,0.9646539688110352
napH,nikR,0.9999727010726929
yhdZ,gcvA,0.9998049139976501
mglC,hcaR,0.9922080636024475
grxA,deoR,0.9956297874450684
aroP,gatR_2,1.0
cheA,envR,0.8472288846969604
agaV,dhaR,0.9979627132415771
frdB,gcvA,0.9998238682746887
frdB,dhaR,0.9911483526229858
dusB,dsdC,0.9936619997024536
aceF,asnC,0.9894948601722717
chbF,arcA,0.9987139701843262
glnB,gatR_2,1.0
nanC,appY,0.9671337008476257
nanC,exuR,0.998412013053894
nanC,gcvA,0.9999926090240479
nfsB,gatR_2,1.0
nfsB,arcA,0.9538068175315857
nfsB,hupA,0.9999986886978149
phoQ,rtcR,0.9018682837486267
yafP,hupA,0.9999997615814209
dcuC,nemR,0.8782294392585754
pyrC,decoy15,0.9961456060409546
pyrC,gcvA,0.9999964237213135
pyrC,nikR,0.9999715089797974
dmsA,gatR_2,1.0
decoy68,melR,0.9943709969520569
yafN,atoC,0.965368390083313
fecD,gcvA,0.999699592590332
kbaZ,hupA,0.9999997615814209
kbaZ,dnaA,0.9996821880340576
copA,csiR,0.9801865220069885
copA,hupA,0.9999998807907104
iscA,fabR,0.9666836261749268
xseA,flhD,0.9999549388885498
ydeH,hupA,0.9999996423721313
rbsC,hupA,0.9999994039535522
fecE,gcvA,0.9999372959136963
mgrB,creB,0.9846920371055603
rpsI,hupA,0.9999998807907104
nuoK,gatR_2,1.0
decoy23,rtcR,0.9847478270530701
decoy23,gatR_2,1.0
decoy18,melR,0.9978171586990356
decoy18,rbsR,0.9997392296791077
fliP,decoy8,0.9903428554534912
cheR,cusR,0.9964787364006042
pagP,decoy13,0.8802608847618103
pagP,mngR,0.9437049031257629
mzrA,zntR,0.9958030581474304
ppiA,gatR_2,1.0
rrsG,nikR,0.9981563687324524
cpdB,gcvA,0.9999325275421143
ompW,gcvA,0.9999556541442871
psd,fruR,0.9073889851570129
dacC,gatR_2,1.0
ykgR,dnaA,0.9994420409202576
cheB,leuO,0.9982206225395203
cheB,hupA,0.9999997615814209
sufB,gatR_2,1.0
csiD,creB,0.8777264356613159
glmS,rbsR,0.9980545043945312
entH,gatR_2,1.0
gntK,gcvA,0.9999865293502808
modA,modE,0.9951272010803223
adhE,fucR,0.9924319982528687
glnP,flhD,0.9994526505470276
flgD,exuR,0.9975237250328064
hofB,modE,0.9996229410171509
potH,dnaA,0.9999496936798096
relA,decoy3,0.9782343506813049
cadB,gatR_2,1.0
ybdN,dnaA,0.9998051524162292
glpD,melR,0.9840402007102966
lacZ,dnaA,0.9987872242927551
rpmI,gatR_2,1.0
ilvC,dhaR,0.9952875375747681
deoB,zntR,0.9996777772903442
serC,glpR,0.9067195057868958
serC,deoR,0.9551894068717957
fhuC,betI,0.9958827495574951
fdnG,gatR_2,1.0
allA,decoy8,0.972821056842804
rpsU,dhaR,0.9842298626899719
yeiB,hdfR,0.9332157969474792
yeiB,feaR,0.869633138179779
lsrC,hcaR,0.8854513168334961
ibpB,gatR_2,1.0
cspD,gcvA,0.9999877214431763
sufE,flhD,0.9991735816001892
sufE,nikR,0.9994444251060486
glpG,fruR,0.8845155835151672
mhpC,dnaA,0.9999426603317261
lysV,zntR,0.9988767504692078
livK,gatR_2,1.0
ubiX,fruR,0.8233245611190796
agaC,hupA,0.9999997615814209
hyaF,decoy15,0.8823904395103455
hyaF,slyA,0.8575308918952942
thiQ,leuO,0.9998164772987366
hisQ,rpiR,0.9957531690597534
hyi,dsdC,0.9584559798240662
rpoH,gatR_2,1.0
trpL,crp,0.8834631443023682
valT,dnaA,0.9998745918273926
azuC,zur,0.9847673773765564
ndh,leuO,0.9983547329902649
fpr,melR,0.98338782787323
flgN,gcvA,0.9999783039093018
flgN,gatR_2,1.0
flgN,cpxR,0.8720057606697083
pnuC,gatR_2,1.0
pnuC,flhD,0.9994561076164246
pnuC,hupA,0.9999997615814209
ssuE,dsdC,0.9966087341308594
purH,gcvA,0.9999516010284424
purH,allR,0.9459318518638611
fdnH,gcvA,0.9999953508377075
arsB,fabR,0.994755744934082
lsrA,hupA,0.9999998807907104
lsrA,zntR,0.9994320273399353
nupC,hupA,0.9999996423721313
appB,agaR,0.8845512270927429
appB,leuO,0.9997486472129822
gcvB,hcaR,0.984321117401123
gltI,asnC,0.9681439399719238
hokD,gcvA,0.9999419450759888
gcvT,gatR_2,1.0
upp,gcvA,0.9999935626983643
upp,dsdC,0.9975806474685669
upp,dnaA,0.9999549388885498
hofM,marA,0.8685762882232666
mioC,gcvA,0.9999688863754272
mioC,nikR,0.9997512698173523
prpC,gatR_2,1.0
metK,rtcR,0.895309329032898
mtlD,nikR,0.9991708993911743
osmC,gatR_2,1.0
alaW,dnaA,0.999812662601471
uvrB,hcaR,0.9892917275428772
uof,fabR,0.974748969078064
ddlB,zur,0.9816470742225647
spy,treR,0.9594483971595764
rpsJ,dnaA,0.9999555349349976
galP,nikR,0.999717652797699
speC,gcvA,0.9999591112136841
speC,nikR,0.9996705055236816
wcaA,gatR_2,1.0
gatY,gatR_2,1.0
idnO,leuO,0.9997180104255676
asr,exuR,0.987445592880249
asr,gcvA,0.9999474287033081
katG,gatR_2,1.0
xylG,nikR,0.9997560381889343
purF,decoy15,0.9808518290519714
purF,rbsR,0.9998371601104736
ccmE,dnaA,0.9995009899139404
ddpC,nikR,0.9993738532066345
nadB,gatR_2,1.0
malX,hupA,0.9999986886978149
fruB,creB,0.9797917008399963
galM,hupA,0.9999997615814209
metN,dnaA,0.9995884299278259
nrfE,nemR,0.8948694467544556
aceA,idnR,0.9977996945381165
pfkA,betI,0.8681840896606445
entB,rbsR,0.999843955039978
entB,idnR,0.9923221468925476
uxuA,leuO,0.9974428415298462
tpr,cusR,0.9727076888084412
ulaA,leuO,0.9978320002555847
ulaA,zntR,0.9979740977287292
proW,hupA,0.9999985694885254
metE,melR,0.9838405251502991
decoy49,nikR,0.9995636343955994
entD,gatR_2,1.0
entD,hupA,0.9999994039535522
bglB,hupA,0.999998927116394
hisR,dsdC,0.9695037603378296
grxD,hupA,0.9999998807907104
livM,exuR,0.9972952008247375
entE,decoy15,0.9734675288200378
entE,nikR,0.9998226761817932
entE,dnaA,0.9998457431793213
sdaA,argP,0.9398331046104431
ppdD,prpR,0.8774481415748596
hlpA,glnG,0.9603251218795776
hlpA,gatR_2,1.0
gabP,deoR,0.9920660853385925
gabP,gatR_2,1.0
gabP,leuO,0.9996457099914551
xdhB,treR,0.958742082118988
cysU,deoR,0.9973357319831848
cysU,rtcR,0.9989205598831177
trpD,cusR,0.9451064467430115
trpD,gatR_2,1.0
pitB,gcvA,0.999894380569458
pitB,gatR_2,1.0
cyoE,zur,0.9925606846809387
cyoE,hupA,0.9999996423721313
uspA,rbsR,0.9998486042022705
marB,gcvA,0.9999539852142334
marB,narP,0.8830172419548035
ugpE,zur,0.9986944794654846
dksA,dnaA,0.9998513460159302
rybB,gatR_2,1.0
insK,gatR_2,1.0
hycI,decoy8,0.9873356223106384
murG,treR,0.9741929769515991
fumC,modE,0.9993143081665039
metA,decoy17,0.9269334673881531
iraD,decoy8,0.9909819960594177
oppC,asnC,0.996995210647583
ybaO,gatR_2,1.0
purD,betI,0.9751782417297363
sfsA,dnaA,0.9996980428695679
ulaD,nikR,0.9994494318962097
trpB,asnC,0.9810155630111694
actP,fabR,0.9496911764144897
uxuB,decoy15,0.8394826650619507
uxuB,dhaR,0.9928566217422485
ccmD,exuR,0.9764041304588318
ubiC,tdcR,0.8072047829627991
dinB,argR,0.9274518489837646
dinB,gatR_2,1.0
rplW,nac,0.8770707249641418
nrdE,hupA,0.9999991655349731
decoy52,gcvA,0.9999924898147583
speA,decoy3,0.9140036106109619
speA,hupA,0.9999998807907104
decoy44,melR,0.9982025623321533
decoy44,rbsR,0.9997871518135071
gadC,gcvA,0.9999861717224121
flgC,hupA,0.9999997615814209
flgC,dnaA,0.9997091889381409
nuoE,exuR,0.9814644455909729
ugpC,rob,0.954680860042572
ugpC,gatR_2,1.0
entS,flhD,0.9990575909614563
rseB,melR,0.9993813037872314
rseB,rbsR,0.999925971031189
rseB,allR,0.9921343326568604
rseB,dhaR,0.9996540546417236
ccmB,dnaA,0.9997197985649109
flxA,asnC,0.9825824499130249
mdtA,crp,0.9784139394760132
mdtA,fabR,0.9930338859558105
zinT,nikR,0.9986636638641357
zinT,dnaA,0.9988263249397278
ompC,flhD,0.9997429251670837
yjbG,decoy5,0.89218670129776
pheS,dnaA,0.9996278285980225
dppA,gcvA,0.9999885559082031
ytfE,dhaR,0.9977185726165771
hyaB,nikR,0.9981513619422913
hyaB,zntR,0.9932428002357483
araE,hupA,0.9999990463256836
fepG,modE,0.997347354888916
glyT,pdhR,0.957661509513855
hofC,decoy8,0.9664269089698792
slyB,dsdC,0.9819849133491516
hcr,murR,0.8556455969810486
argW,envR,0.9468062520027161
argW,nikR,0.999789297580719
csgA,betI,0.9778327345848083
malM,crp,0.9689035415649414
fimH,deoR,0.9138767123222351
fimH,leuO,0.9962382316589355
srlA,decoy8,0.9685176014900208
hchA,atoC,0.9931064248085022
hchA,hupA,0.9999998807907104
pyrD,treR,0.9614338874816895
ssuA,pspF,0.9969990253448486
ssuA,decoy12,0.8742957711219788
metH,rpiR,0.9946767091751099
aroF,zntR,0.9972635507583618
nusA,dsdC,0.9813986420631409
nusA,nikR,0.9996054768562317
nusA,dnaA,0.9996582269668579
mhpE,asnC,0.9748732447624207
zraP,rbsR,0.9998008608818054
hflD,gatR_2,1.0
ygdB,melR,0.9988487958908081
murP,dsdC,0.9859910607337952
cynX,leuO,0.9982560276985168
cynX,nikR,0.9995469450950623
rrsB,gcvA,0.9999784231185913
fliG,dnaA,0.9999170303344727
creD,cusR,0.9642452597618103
cusB,nikR,0.9997890591621399
appA,murR,0.8589589595794678
metY,gcvA,0.9999549388885498
decoy29,argR,0.9221887588500977
decoy64,gatR_2,1.0
araJ,decoy8,0.9785009026527405
ydiV,hupA,0.9999995231628418
glgA,hupA,0.9999995231628418
yibD,zntR,0.9995644688606262
glgC,rbsR,0.999700665473938
gltJ,gatR_2,1.0
dctA,dhaR,0.9995433688163757
pykF,torR,0.9934284090995789
yhjA,gatR_2,1.0
betA,gcvA,0.9999831914901733
betA,dnaA,0.9998830556869507
rfaY,hcaR,0.9765797257423401
rfaY,creB,0.9448480010032654
decoy39,gatR_2,1.0
decoy39,hupA,0.9999995231628418
ecnB,flhD,0.9972745776176453
appC,flhD,0.9999042749404907
glpA,deoR,0.9958706498146057
glpA,gadW,0.9649308323860168
glpA,rbsR,0.9999408721923828
deoA,murR,0.9266178011894226
hypF,uidR,0.8980661630630493
hypF,gatR_2,1.0
artJ,dnaA,0.9999507665634155
ilvX,fabR,0.9173697829246521
nuoJ,melR,0.9948676824569702
nuoJ,allR,0.9337218999862671
mdtD,rbsR,0.9962557554244995
mdtD,idnR,0.8464543223381042
napC,nikR,0.9980600476264954
yiaM,deoR,0.9723548293113708
flu,flhD,0.9990443587303162
rplP,gatR_2,1.0
rplM,dsdC,0.9745571613311768
rplM,allR,0.9320187568664551
rplM,hupA,0.9999997615814209
rplM,dhaR,0.9970568418502808
yoaG,csiR,0.9033564925193787
yoaG,dnaA,0.9995129108428955
recF,decoy8,0.9740349054336548
nhaA,hdfR,0.9558692574501038
hisP,gcvA,0.9999778270721436
hisP,flhD,0.9997400641441345
ynfK,gatR_1,0.9480834007263184
ynfK,decoy11,0.9874072074890137
ynfK,gatR_2,1.0
ynfK,dnaA,0.9999594688415527
yiaK,decoy3,0.9755399823188782
glyA,creB,0.885996401309967
proK,leuO,0.99727863073349
metB,flhD,0.9995054006576538
rrfG,atoC,0.9853953123092651
glcG,gcvA,0.9999257326126099
trpE,decoy5,0.9947519898414612
trpE,nikR,0.9999476671218872
htrE,G0,0.8744522929191589
htrE,gcvA,0.9999635219573975
htrE,hupA,0.9999998807907104
rffH,flhD,0.9997990727424622
csgG,nemR,0.8823857307434082
yjbE,exuR,0.9220187664031982
yjbE,gatR_2,1.0
yjbE,atoC,0.8319318294525146
decoy31,gcvA,0.999995231628418
decoy31,gatR_2,1.0
decoy31,decoy14,0.9237571358680725
decoy31,dnaA,0.9999672174453735
speB,modE,0.999076247215271
phnL,decoy11,0.9849225282669067
phnL,nikR,0.9999450445175171
cynS,flhD,0.9999264478683472
fadA,nac,0.9669919610023499
fadA,torR,0.9990379810333252
fadA,zur,0.9968318343162537
carB,dnaA,0.9996439218521118
yaiA,gatR_2,1.0
yaiA,decoy7,0.9330162405967712
aldA,nikR,0.9999384880065918
decoy41,gatR_2,1.0
decoy41,flhD,0.9974512457847595
fumA,dicA,0.890496015548706
infC,modE,0.9979707598686218
infC,dnaA,0.9996904134750366
argX,dnaA,0.9989081621170044
glnQ,decoy8,0.9991556406021118
caiE,rbsR,0.9970520734786987
hokE,gatR_2,1.0
tdh,gcvA,0.9999895095825195
pstB,dnaA,0.9993792772293091
wzxE,deoR,0.9628141522407532
focA,hupA,0.9999990463256836
ompF,gatR_2,1.0
metT,dicA,0.9848670363426208
decoy78,hupA,0.9999998807907104
fliL,dnaA,0.9999594688415527
allD,gadW,0.923733651638031
fimA,gcvA,0.9996936321258545
dinD,decoy17,0.997600257396698
torC,nac,0.9912002682685852
torC,gcvA,0.9999886751174927
torC,gatR_2,1.0
torC,nikR,0.9999094009399414
yqjA,modE,0.984660804271698
nikA,flhD,0.9977502226829529
rrlH,melR,0.9958075284957886
rrlH,allR,0.9452384114265442
rrlH,hupA,0.9999997615814209
rplS,nemR,0.9398173093795776
rplS,tdcR,0.8001672029495239
rpsC,deoR,0.9903295040130615
icd,gcvA,0.9999451637268066
nrdD,nikR,0.9997465014457703
paaJ,gatR_2,1.0
fhuE,dsdC,0.9745377898216248
sgbH,leuO,0.9995997548103333
cysK,gatR_2,1.0
decoy72,dhaR,0.9963263869285583
aspA,leuO,0.9962337613105774
chbA,flhD,0.9997676014900208
fimE,allR,0.9433286786079407
fimE,hupA,0.9999997615814209
mraY,gcvA,0.9999896287918091
mraY,dsdC,0.9961124062538147
aroH,gatR_2,1.0
yrbL,decoy15,0.9796533584594727
yrbL,gcvA,0.9999827146530151
yrbL,idnR,0.9916397929191589
yrbL,allR,0.981752872467041
yrbL,dhaR,0.9992251396179199
decoy36,murR,0.8762289881706238
aspV,idnR,0.9923741221427917
ydiU,glrR,0.9202414155006409
osmB,mqsA,0.8007349967956543
astD,gcvA,0.9999586343765259
ung,hyfR,0.8032323122024536
decoy20,trpR,0.863477349281311
decoy20,gatR_2,1.0
fucU,murR,0.9593282341957092
rpsO,gatR_2,1.0
aroA,treR,0.9988806843757629
maoC,gatR_2,1.0
cysW,nikR,0.9996107220649719
narJ,torR,0.9963448643684387
ybjC,nikR,0.9999431371688843
ddpB,rpiR,0.9953569769859314
yegR,dhaR,0.9986444115638733
pdxA,gadW,0.8582633137702942
pdxA,nikR,0.999794065952301
pdxA,dnaA,0.9998210072517395
nikB,decoy17,0.9845142960548401
ycfS,flhD,0.9973387122154236
ycfS,leuO,0.992953360080719
hyfD,rtcR,0.9877355694770813
mazG,gcvA,0.9999783039093018
fdhF,hupA,0.9999998807907104
pgaD,allR,0.9873255491256714
thiP,flhC,0.8783984184265137
rbsB,soxR,0.9525450468063354
rbsB,gcvA,0.9999881982803345
acrE,rbsR,0.9971902966499329
pgk,decoy17,0.9313387274742126
tauB,nikR,0.999618649482727
yciF,dhaR,0.9962976574897766
phoE,gatR_2,1.0
cusA,hupA,0.9999998807907104
nrdA,dhaR,0.9995319843292236
fhuD,gatR_2,1.0
melA,fucR,0.9870030283927917
purC,gatR_2,1.0
potF,pspF,0.9165048003196716
potF,melR,0.9911274313926697
potF,rbsR,0.9989804625511169
flgA,dsdC,0.9838258624076843
tdcE,fucR,0.9175889492034912
adiA,fucR,0.9935209155082703
malY,arcA,0.9526749849319458
malY,hupA,0.9999985694885254
nanT,gatR_2,1.0
frdD,purR,0.9630590081214905
hyfH,gcvA,0.9999470710754395
cyoB,ihfA,0.9301593899726868
proV,zntR,0.9995236396789551
rrlB,envR,0.8015078902244568
hyfJ,modE,0.9888582229614258
rpsQ,dnaA,0.9999414682388306
dmsC,gatR_2,1.0
htpG,exuR,0.9891625642776489
htpG,dsdC,0.9815349578857422
htpG,idnR,0.9769310355186462
mhpA,cusR,0.9685367345809937
purK,betI,0.9004331231117249
bioD,zntR,0.9974825978279114
nemA,gatR_2,1.0
rrfA,hupA,1.0
glpT,hupA,0.9999998807907104
glpT,dhaR,0.9983699917793274
wzc,gatR_2,1.0
astC,torR,0.9926865100860596
edd,flhD,0.997992992401123
feoB,decoy3,0.9632059931755066
betB,gatR_2,1.0
mngA,dsdC,0.9680042862892151
decoy19,arcA,0.9903349876403809
moaE,gcvA,0.9999825954437256
moaE,dnaA,0.9998786449432373
pstA,gcvA,0.9999725818634033
flgH,rbsR,0.9988787770271301
fliR,gatR_2,1.0
fliR,crp,0.9505483508110046
yhfA,insK,0.8359463810920715
yiaN,aidB,0.9919313788414001
envZ,gcd,0.8659319281578064
exuT,pgk,0.8078599572181702
glmS,ybaO,0.9948635697364807
yecR,fimE,0.9798862338066101
znuB,bcsZ,0.9848179221153259
ygbK,iraD,0.9497082829475403
yhjH,ydhW,0.9878994822502136
leuQ,xylA,0.9926196932792664
ynfH,ybaO,0.9016821980476379
yjcH,entD,0.8587948083877563
aidB,gatR_1,0.8312346935272217
phnI,truB,0.8349525332450867
rimP,glpF,0.9482192993164062
tyrR,dnaA,0.9999996423721313
allS,cusR,0.9999544620513916
modE,hupA,0.9987474679946899
glnG,leuO,0.9999932050704956
mntR,modE,0.9999986886978149
putA,G0,0.9998530149459839
putA,stpA,0.9901142120361328
dicA,dhaR,0.9999929666519165
slyA,zraR,0.9496422410011292
nac,zur,0.9698961973190308
rob,gatR_2,1.0
decoy13,gcvA,1.0
xapR,leuO,0.9999974966049194
decoy6,gatR_2,1.0
decoy5,gatR_2,1.0
lrhA,gcvA,1.0
lrhA,nikR,1.0
lrhA,zntR,0.9999995231628418
exuR,gatR_2,1.0
phoP,fis,0.9640446901321411
melR,nikR,0.9999231100082397
rbsR,dnaA,0.9957596659660339
rpiR,gcvA,1.0
rpiR,decoy3,0.982428252696991
rpiR,leuO,0.9992601275444031
rpiR,hupA,0.9999994039535522
ascG,leuO,0.9999960660934448
rutR,gatR_2,1.0
decoy4,gatR_2,1.0
dcuR,hupA,1.0
hdfR,uidR,0.992693305015564
hupA,gatR_2,1.0
dhaR,gcvA,0.9999998807907104
norR,treR,0.9999693632125854
marR,dsdC,1.0
hyfR,cusR,0.9999580383300781
zraR,gatR_2,1.0
ihfB,soxR,0.9947811961174011
uxuR,alaS,0.8288103938102722
mdtC,murR,0.9997982382774353
aceB,treR,0.885697066783905
decoy58,dicA,0.8641875386238098
hcaB,zntR,0.9999978542327881
rrlA,glrR,0.9958413243293762
rrlA,fabR,0.9995712637901306
purM,flhD,0.9999998807907104
fadI,melR,0.9999996423721313
yebE,gcvA,1.0
dcuS,chbR,0.8686028122901917
mhpT,nikR,1.0
ompA,lexA,0.9972379207611084
entA,leuO,0.9993256330490112
ftnA,modE,0.9999998807907104
hisM,exuR,0.9999923706054688
metF,nac,0.9853938817977905
nfo,csiR,0.9960904717445374
aslB,gcvA,1.0
caiT,decoy8,0.99981290102005
pspB,gatR_2,1.0
cyaA,glpR,0.9913501739501953
ygiA,melR,0.999901533126831
setA,hupA,0.9999991655349731
glnW,flhD,0.9999994039535522
glnW,evgA,0.9604435563087463
rnpB,flhD,0.9999996423721313
nupG,dnaA,0.9999994039535522
decoy57,dsdC,0.9999997615814209
napB,gatR_2,1.0
galT,gcvA,1.0
hemF,treR,0.9999806880950928
acrD,hupB,0.9733214378356934
bioC,nikR,1.0
xdhA,gcvA,1.0
xdhA,flhD,0.9999995231628418
folA,dnaA,0.9999998807907104
narH,oxyR,0.9938495755195618
recN,hupA,0.9999997615814209
hcaD,modE,0.9999998807907104
melB,nac,0.9640864729881287
melB,cusR,0.9999818801879883
argT,gatR_2,1.0
argT,nikR,1.0
acs,zntR,0.9999942779541016
rpoD,galR,0.9997416138648987
glcE,atoC,0.9722418785095215
tomB,rtcR,0.9999960660934448
uxaB,gcvA,1.0
moaA,gadW,0.9941437840461731
csgE,leuO,0.9999854564666748
hycG,gadW,0.997420072555542
hycG,dnaA,1.0
chpR,nikR,1.0
yjbH,gcvA,1.0
yjbH,flhD,1.0
cdd,flhD,1.0
cdd,nikR,1.0
gltA,flhD,0.9999998807907104
gltA,hupA,1.0
kdpC,hupA,0.9999998807907104
serX,gcvA,1.0
purE,deoR,0.9993929862976074
purE,allR,0.9960660338401794
nirC,gatR_2,1.0
cysC,dhaR,0.9999967813491821
fliO,cadC,0.9830930233001709
sulA,hupA,0.9999998807907104
gyrB,decoy16,0.9119521975517273
malG,asnC,0.9994757771492004
purB,nikR,1.0
purB,dhaR,0.9999889135360718
ftsQ,flhD,0.9999998807907104
lamB,rtcR,0.9999994039535522
phnO,rhaS,0.9911689758300781
nrdF,gcvA,1.0
rutG,melR,0.999998927116394
hydN,gatR_2,1.0
infB,nikR,1.0
hypB,dsdC,0.9999996423721313
ilvI,zntR,0.9999997615814209
fepD,modE,0.9999790191650391
trxA,flhD,1.0
nuoB,dnaA,0.9999994039535522
glnX,flhD,0.9999998807907104
dicB,decoy3,0.9909154772758484
lpxA,hupA,1.0
ftsL,treR,0.9996813535690308
artM,zntR,0.9999998807907104
artM,dnaA,0.9999998807907104
fucI,cytR,0.8681764006614685
ilvH,gatR_2,1.0
ilvH,decoy7,0.9990443587303162
znuA,modE,0.9999994039535522
znuA,cusR,0.9999622106552124
gltX,dsdC,0.9999998807907104
gpmA,exuR,0.9999990463256836
dmsD,argR,0.9999536275863647
tsgA,flhD,1.0
tsgA,dhaR,0.999998927116394
rrlC,gadE,0.9806087613105774
emrY,gatR_2,1.0
nfuA,leuO,0.9999804496765137
ecpD,modE,0.9999991655349731
fruA,uidR,0.9992327690124512
zntA,evgA,0.9944995641708374
alsA,flhD,0.9999983310699463
rplD,gatR_2,1.0
rplD,ulaR,0.8149250149726868
dinF,fabR,0.9999972581863403
gatZ,gatR_2,1.0
gatZ,tdcR,0.9399321675300598
csgF,dnaA,0.9999998807907104
mukB,feaR,0.9351162314414978
ygbK,hupA,0.9999998807907104
nrdH,flhD,0.9999998807907104
decoy45,gatR_2,1.0
decoy45,hupA,1.0
proP,fruR,0.9919758439064026
glyU,gatR_2,1.0
fldB,decoy15,0.9997736811637878
fldB,gcvA,1.0
fldB,allR,0.9974333643913269
ccmA,gcvA,1.0
malQ,hupA,0.9999997615814209
argB,argR,0.9990566372871399
mntH,gatR_2,1.0
ilvB,nikR,1.0
glcA,nikR,1.0
paaH,glrR,0.9965732097625732
gltV,treR,0.9999330043792725
gltV,nikR,1.0
cysJ,gatR_2,1.0
rbsD,rbsR,0.9999994039535522
leuQ,decoy15,0.9997515082359314
ychO,rutR,0.9706148505210876
hcaC,zntR,0.9999998807907104
aroP,ada,0.8778009414672852
codA,hupA,1.0
frdB,dnaA,1.0
norW,fur,0.9814081788063049
norW,araC,0.978584349155426
chbF,gatR_2,1.0
tdcG,zntR,0.9999998807907104
rrlE,cspA,0.8355970978736877
tfaQ,flhD,0.9999996423721313
tfaQ,dhaR,0.999977707862854
hybB,decoy15,0.9999474287033081
amn,appY,0.9815953969955444
katE,melR,0.9999966621398926
yccB,flhD,1.0
ivbL,galR,0.9931477904319763
decoy35,decoy8,0.9998581409454346
yafN,exuR,0.999997615814209
fliJ,gcvA,1.0
fliJ,gatR_2,1.0
fliJ,nikR,1.0
mltF,gcvA,1.0
hofN,mngR,0.9820005297660828
copA,idnR,0.9645329713821411
argG,hupA,1.0
folE,gcvA,1.0
guaB,mntR,0.9977521300315857
scpA,dnaA,1.0
cysI,exuR,0.9999904632568359
cysI,gcvA,1.0
cysI,leuO,0.9999417066574097
fepE,dsdC,1.0
yfhB,flhD,0.9999998807907104
pck,idnR,0.9930411577224731
phnP,gatR_2,1.0
phnP,dcuR,0.9953250885009766
hslJ,modE,0.9999997615814209
decoy60,decoy8,0.9970633387565613
ryhB,exuR,0.9999994039535522
ryhB,atoC,0.9972646236419678
rpsI,gcvA,1.0
nuoK,exuR,0.9999778270721436
psiE,gcvA,1.0
psiE,dsdC,0.9999997615814209
ydjM,gcvA,1.0
glgS,uidR,0.9959558844566345
rstB,cusR,0.9999816417694092
pagP,leuO,0.9999964237213135
pagP,hupA,1.0
gntU,fabR,0.9999990463256836
rrsG,dnaA,0.9999994039535522
uspB,zntR,0.9999990463256836
gabT,rtcR,0.9999068975448608
sgbE,gatR_2,1.0
fhuA,yeiL,0.9964358806610107
fhuA,nanR,0.9426116943359375
fhuA,zntR,0.9999998807907104
psd,gadE,0.9954153299331665
ykgR,hcaR,0.9999585151672363
phoR,gatR_2,1.0
glmS,melR,0.9999923706054688
modA,cusR,0.9999833106994629
adhE,nikR,1.0
glnP,gatR_2,1.0
flgD,leuO,0.9999862909317017
phnF,ilvY,0.992396891117096
wzzE,gatR_2,1.0
potH,decoy12,0.9946548938751221
potH,nikR,1.0
potH,hupA,1.0
relA,flhD,1.0
relA,kdpE,0.8422331213951111
cadB,cpxR,0.9964032173156738
ybdN,nikR,1.0
dadX,decoy3,0.9989193677902222
borD,leuO,0.9999955892562866
yeaH,gcvA,1.0
sdhD,gatR_2,1.0
lacZ,decoy1,0.9937102794647217
rpmI,decoy15,0.999988317489624
rpmI,hupA,1.0
deoB,gatR_2,1.0
serC,gatR_2,1.0
yciG,exuR,0.9999821186065674
acnA,sdiA,0.8686602115631104
fhuC,torR,0.9995712637901306
ydfD,gcvA,1.0
feoA,gatR_2,1.0
leuX,allR,0.9994574189186096
fdnG,gcvA,1.0
symE,decoy8,0.9987800717353821
xapA,hupA,1.0
argO,rbsR,0.9999595880508423
decoy37,galR,0.959550678730011
umuD,gcvA,1.0
nrdG,gatR_2,1.0
nrdG,bolA,0.999393105506897
trxC,decoy8,0.9997218251228333
decoy32,dnaA,0.9999998807907104
cspD,dnaA,0.9999996423721313
cheZ,dsdC,1.0
mukE,gatR_2,1.0
sufE,gcvA,1.0
glpG,gatR_2,1.0
nuoG,stpA,0.9790770411491394
mhpC,gcvA,1.0
mhpC,nikR,1.0
dppD,zntR,0.9999994039535522
erpA,leuO,0.9999885559082031
erpA,dnaA,0.9999998807907104
hyaF,nikR,1.0
dps,rtcR,0.9999902248382568
thiQ,modE,0.9999984502792358
tehA,decoy7,0.9957656860351562
trpL,nemR,0.9952681660652161
trpL,nikR,1.0
aidB,hupA,1.0
ndh,exuR,0.9999974966049194
ndh,gcvA,1.0
ybdZ,dnaA,1.0
hyfE,treR,0.999967098236084
cysM,gcvA,1.0
cysM,dhaR,0.9999904632568359
cysM,dnaA,0.9999998807907104
pnuC,nikR,1.0
pnuC,dnaA,0.9999998807907104
pflB,asnC,0.9995538592338562
purH,dhaR,0.9999927282333374
fdnH,araC,0.9957841038703918
fdnH,rpiR,0.9997370839118958
decoy65,flhD,0.9999997615814209
decoy65,crp,0.9943974018096924
gadA,feaR,0.9933967590332031
mdtB,gatR_2,1.0
lsrA,leuO,0.9999881982803345
manY,torR,0.9155555963516235
manY,leuO,0.9999414682388306
manY,nikR,1.0
manY,cdaR,0.996325671672821
micF,fabR,0.9999700784683228
topA,gatR_2,1.0
topA,dnaA,1.0
yjcH,csiR,0.9974585175514221
yjcH,flhD,0.9999998807907104
appB,prpR,0.9993280172348022
fhuF,gatR_2,1.0
polA,rbsR,0.9999959468841553
gltI,gcvA,1.0
dppF,deoR,0.8416997790336609
mtlD,dnaA,1.0
phoH,treR,0.9998937845230103
rtcA,gadE,0.9985276460647583
rtcA,rpiR,0.9984371066093445
ssuC,nemR,0.9899066090583801
ssuC,srlR,0.9982604384422302
dsdX,gcvA,1.0
tdcF,nadR,0.9162160754203796
moaB,gatR_2,1.0
ascF,modE,0.9999746084213257
rrfB,leuO,0.9999979734420776
rrfB,hyfR,0.993520200252533
srlD,gatR_2,1.0
srlD,zraR,0.9981045722961426
decoy74,decoy8,0.9992714524269104
tap,gatR_1,0.9977837204933167
cysD,hupA,0.9999998807907104
ybfE,appY,0.9467387199401855
galP,gcvA,1.0
galP,dhaR,0.9999974966049194
speC,allR,0.9942895174026489
speC,dhaR,0.9999934434890747
speC,dnaA,0.9999998807907104
nuoM,gatR_2,1.0
nrfD,tdcR,0.9948955178260803
gntT,flhD,0.9999998807907104
wcaA,fnr,0.8109336495399475
gatY,hupB,0.9947507977485657
gatY,ulaR,0.9993875026702881
uidB,decoy12,0.9966277480125427
idnO,gatR_2,1.0
lacA,gcvA,1.0
lacA,gadW,0.9108400344848633
katG,hupA,1.0
gyrA,gcvA,1.0
rpsS,asnC,0.9952408075332642
purF,melR,0.9999982118606567
ccmE,nikR,1.0
phnN,modE,0.9999908208847046
decoy69,nikR,1.0
decoy69,dnaA,1.0
alaV,leuO,0.9999985694885254
galM,allR,0.9993143081665039
metN,deoR,0.998879611492157
nrfE,decoy8,0.9913696050643921
aceA,csiR,0.9859042763710022
ftsA,gcvA,1.0
hyaA,deoR,0.9999042749404907
pfkA,exuR,0.9999750852584839
fepB,gcvA,1.0
frdC,zraR,0.9800664186477661
napF,fnr,0.9998064637184143
napF,hupA,1.0
lacY,gatR_2,1.0
lacY,paaX,0.8754034042358398
tpr,gatR_2,1.0
ulaA,dnaA,1.0
decoy59,dsdC,1.0
decoy59,nikR,1.0
decoy59,dnaA,1.0
yhjH,gatR_2,1.0
decoy49,zntR,0.9999998807907104
aroG,gatR_2,1.0
spf,fabR,0.9995785355567932
livM,gatR_2,1.0
fabZ,zntR,0.9999992847442627
hlpA,hupA,1.0
pgaC,hupA,1.0
ogt,idnR,0.9957365989685059
eda,gatR_2,1.0
trpD,yeiL,0.9698533415794373
pitB,exuR,0.9999951124191284
cyoE,gatR_2,1.0
cyoE,acrR,0.9459319710731506
xdhC,decoy8,0.9996854066848755
fadJ,dsdC,0.9999998807907104
dksA,gatR_2,1.0
fucO,gatR_2,1.0
bioB,gcvA,1.0
bioB,alpA,0.9148768186569214
bioB,dnaA,1.0
insK,zntR,0.9999997615814209
decoy61,dsdC,0.9999996423721313
dkgB,gatR_2,1.0
puuD,flhD,0.9999996423721313
metA,cdaR,0.976471483707428
pgm,gatR_2,1.0
ychH,decoy15,0.9999436140060425
ychH,flhD,1.0
oppC,cusR,0.99998939037323
ybaO,gcvA,1.0
sfsA,paaX,0.9911767244338989
mtr,pspF,0.9310365915298462
trpB,decoy3,0.999910831451416
hcaF,decoy15,0.9997386336326599
rimP,torR,0.9995641112327576
thrW,gatR_2,1.0
phnE,soxR,0.988369345664978
uxuB,gcvA,1.0
uxuB,rbsR,0.9999990463256836
uxuB,allR,0.9900152087211609
tsx,gcvA,1.0
tsx,flhD,0.9999998807907104
tsx,dhaR,0.9999972581863403
tsx,dnaA,0.9999998807907104
ccmD,gatR_2,1.0
fepA,exuR,0.999998927116394
bdm,dnaA,0.9999995231628418
tonB,rtcR,0.999998927116394
phnJ,flhD,0.9999998807907104
rplW,zur,0.9950783252716064
ygiB,dsdC,1.0
rffC,decoy15,0.9999833106994629
rffC,gatR_2,1.0
argI,fabR,0.9999972581863403
flhA,flhD,1.0
decoy52,rtcR,0.9999997615814209
decoy76,rob,0.993337869644165
decoy76,gatR_2,1.0
phoU,gatR_2,1.0
phoU,bolA,0.9996209144592285
speA,gatR_2,1.0
flgC,gcvA,1.0
valY,gcvA,1.0
decoy71,gcvA,1.0
decoy71,fis,0.8382816910743713
hybE,dgsA,0.9918771982192993
purL,torR,0.9995984435081482
purL,argP,0.9879634380340576
mdtA,nikR,0.9999998807907104
mdtA,zntR,0.9999971389770508
zinT,cadC,0.9676782488822937
zinT,tdcR,0.9903461337089539
fecR,G0,0.9977747797966003
glpF,gcvA,1.0
decoy53,murR,0.9996057152748108
artQ,rbsR,0.9999997615814209
hisJ,exuR,0.9999935626983643
decoy28,cusR,0.9983256459236145
argW,zntR,0.9999997615814209
argC,arcA,0.8294063210487366
glpE,nikR,1.0
glpE,dnaA,1.0
tppB,decoy13,0.9823404550552368
tppB,torR,0.9968739748001099
cydA,gatR_2,1.0
cydA,hupA,1.0
uvrY,gatR_2,1.0
uvrY,paaX,0.9347009062767029
pyrD,nikR,1.0
pyrD,dnaA,1.0
ulaB,modE,0.9999966621398926
ssuA,nanR,0.9609565734863281
aroM,exuR,0.9999983310699463
glmU,melR,0.9999817609786987
metH,fnr,0.9988943934440613
dppC,murR,0.999894380569458
dppC,gatR_2,1.0
nusA,gadW,0.9964836835861206
fliQ,gatR_2,1.0
ygdB,rbsR,0.999998927116394
ygdB,dhaR,0.9999929666519165
murP,dnaA,0.9999998807907104
hypC,lexA,0.9985948204994202
cynX,dnaA,1.0
tnaA,rstA,0.9486212134361267
fimC,gatR_2,1.0
srlE,rbsR,0.9999983310699463
rrsB,hupA,0.9999998807907104
fliG,gcvA,1.0
atoE,rhaS,0.9951920509338379
nrdI,gatR_2,1.0
srlB,gatR_2,1.0
tyrB,gatR_2,1.0
malS,galR,0.9991918206214905
decoy26,csiR,0.9415596127510071
cusB,dicA,0.9954319000244141
pheU,nikR,1.0
glgA,caiF,0.9968799352645874
glgA,gcvA,1.0
paaI,hcaR,0.9995076656341553
hlyE,argR,0.9999563694000244
xylA,dnaA,1.0
sufA,gatR_2,1.0
yibD,gatR_2,1.0
yibD,dnaA,1.0
gltJ,flhD,0.9999996423721313
dctA,gcvA,1.0
dctA,rpiR,0.9994843006134033
rfaZ,araC,0.9937102794647217
yhjA,flhC,0.9965912103652954
betA,gatR_2,1.0
caiA,exuR,0.999998927116394
pnp,nikR,0.9999998807907104
appC,gcvA,1.0
appC,gatR_2,1.0
appC,hupA,0.9999998807907104
pspD,dgsA,0.9931483864784241
artJ,hcaR,0.997717022895813
artJ,nikR,1.0
chbB,decoy15,0.9809907674789429
narX,nikR,0.9999998807907104
ppiD,rbsR,0.9999967813491821
decoy38,hupA,1.0
decoy38,dnaA,0.9999998807907104
nuoJ,idnR,0.9290767312049866
mdtD,gcvA,1.0
napG,decoy15,0.9999898672103882
fbaA,nemR,0.998982846736908
fbaA,decoy8,0.9999759197235107
fbaA,tdcR,0.9992703795433044
galE,dsdC,1.0
uhpT,decoy7,0.9876028895378113
yoaG,nikR,1.0
yoaG,dhaR,0.9999970197677612
narK,gatR_2,1.0
narK,dnaA,0.9999998807907104
adrA,decoy2,0.9994232654571533
dapB,rob,0.9837824702262878
hisP,melR,0.9999996423721313
yiaK,rpiR,0.9996625185012817
proK,hupA,1.0
trpE,dnaA,0.9999961853027344
htrE,gatR_2,1.0
decoy56,nemR,0.8840512037277222
decoy56,gatR_2,1.0
phnL,gatR_2,1.0
cynS,fucR,0.999824583530426
cirA,murR,0.9982833862304688
agaI,nikR,1.0
agaI,dnaA,0.9999997615814209
yaiA,gcvA,1.0
fumA,nac,0.9807990789413452
ilvN,flhD,1.0
ybiS,gatR_2,1.0
infC,nikR,1.0
argX,gatR_2,1.0
argX,flhD,0.9999998807907104
argX,nikR,1.0
yafQ,decoy8,0.9999756813049316
flgI,nikR,1.0
flgI,dnaA,1.0
paaE,gcvA,1.0
paaE,flhD,0.9999998807907104
paaE,decoy3,0.9999245405197144
cyoD,envR,0.9986897110939026
cyoD,gatR_2,1.0
tdh,nikR,1.0
tdh,dnaA,0.9999998807907104
ynfH,gcvA,1.0
ynfH,leuO,0.9999985694885254
ynfH,marA,0.9852368235588074
ygjG,dsdC,0.9999998807907104
garR,gcvA,1.0
garR,dhaR,0.9998587369918823
eno,exuR,0.9999995231628418
eno,hipB,0.9983687996864319
eno,decoy12,0.9987186193466187
nadA,melR,0.9999953508377075
fliL,flhD,0.9999998807907104
fliL,nikR,1.0
caiB,hupA,0.9999998807907104
cspI,lexA,0.9941951632499695
torA,malI,0.985015869140625
rpmC,gcvA,1.0
bioF,dgsA,0.991435706615448
garL,dsdC,0.9999992847442627
rutF,nikR,1.0
fixX,modE,0.9999961853027344
tsr,flhD,0.9999998807907104
tsr,decoy3,0.9999361038208008
yeaG,asnC,0.9051300883293152
cyoC,pdhR,0.9757954478263855
flgE,dhaR,0.9999983310699463
dinD,cdaR,0.8145272135734558
astA,gatR_2,1.0
glcD,flhC,0.9992561936378479
glcD,gatR_2,1.0
rrlG,leuO,0.9999921321868896
rrlH,dnaA,0.9999998807907104
nrfB,gcvA,1.0
decoy63,araC,0.8958856463432312
decoy63,rpiR,0.997215747833252
rffG,gcvA,1.0
nikD,gatR_2,1.0
sgbH,dsdC,0.9999998807907104
sgbH,rbsR,0.9999979734420776
cysK,decoy3,0.9996483325958252
cysK,rpiR,0.9969706535339355
moeA,zntR,1.0
ulaG,gcvA,1.0
pepD,zntR,0.9999998807907104
rrsA,rbsR,0.9999992847442627
fliD,chbR,0.9973100423812866
lysT,gatR_2,1.0
aspA,zntR,1.0
chbA,dhaR,0.9999911785125732
fimE,flhD,1.0
fimE,dhaR,0.9999995231628418
hybA,decoy8,0.9998863935470581
mraY,nikR,1.0
mraY,hupA,1.0
malZ,hupA,0.9999985694885254
rhaA,rbsR,0.9999430179595947
argE,hupA,1.0
glnU,pdhR,0.9745309948921204
ybbV,hupA,1.0
leuW,rbsR,0.9999616146087646
xylH,rpiR,0.9980058073997498
xylH,zur,0.9163196682929993
gltU,murR,0.9998610019683838
astD,gatR_2,1.0
yjgI,rbsR,0.9999995231628418
flhB,gcvA,1.0
ung,gatR_2,1.0
fucU,flhD,1.0
cysW,gcvA,1.0
ybjC,hns,0.8784230351448059
yegR,gcvA,1.0
pdxA,decoy15,0.9999630451202393
pdxA,soxS,0.9301557540893555
scpB,dsdC,0.9999996423721313
fliA,fabR,0.9999728202819824
dhaK,nikR,1.0
lyxK,cpxR,0.9979469180107117
cadA,gatR_2,1.0
pstS,hupA,0.9999998807907104
mazG,gadW,0.9988152980804443
decoy77,decoy8,0.9999744892120361
gltW,srlR,0.997250497341156
umuC,rtcR,0.9999864101409912
umuC,nikR,0.9999998807907104
pgaD,tyrR,0.9932303428649902
pstC,tyrR,0.9961528182029724
rbsB,gatR_2,1.0
acrE,dsdC,1.0
pgk,cdaR,0.9998199343681335
pspC,leuO,0.9999980926513672
garK,leuO,0.9999939203262329
cusA,decoy7,0.9813405275344849
dcuB,gatR_2,1.0
decoy50,argR,0.9999325275421143
decoy67,galS,0.9982454776763916
decoy67,hupA,1.0
dctR,gcvA,1.0
lpxC,leuO,0.9999817609786987
lpxC,nikR,1.0
decoy55,gcvA,1.0
leuC,gatR_2,1.0
rplB,gatR_2,1.0
fadD,gcvA,1.0
nanT,ulaR,0.8429288864135742
frdD,asnC,0.9991328120231628
frdD,betI,0.9982513785362244
frdD,hupA,1.0
idnT,hupA,0.9999997615814209
idnT,zntR,0.9999991655349731
carA,gatR_2,1.0
polB,decoy15,0.9699388146400452
polB,nikR,0.9999998807907104
modB,gcvA,1.0
hyfH,stpA,0.8059597015380859
hyfH,hupA,1.0
recA,atoC,0.9916229844093323
cyoB,flhD,0.9999998807907104
ileU,fadR,0.8451349139213562
qseC,argR,0.9996144771575928
araB,rtcR,0.9999648332595825
cpxA,gatR_2,1.0
ugpA,gatR_2,1.0
amtB,melR,0.9999871253967285
fliI,decoy8,0.9999710321426392
ruvA,zntR,0.9999996423721313
malP,gcvA,1.0
rpsQ,gcvA,1.0
sufC,decoy8,0.9999779462814331
decoy66,deoR,0.9999502897262573
dnaG,modE,0.9999977350234985
ddpF,fruR,0.9705541133880615
ddpF,gatR_2,1.0
metU,dhaR,0.9999985694885254
nemA,G0,0.9988331198692322
nemA,gcvA,1.0
rrfA,gatR_2,1.0
rrfA,leuO,0.9999899864196777
rrfA,dnaA,0.9999998807907104
glpT,flhD,0.9999998807907104
glpT,dnaA,0.9999998807907104
fucK,glcC,0.9913430213928223
kdpA,gatR_2,1.0
codB,tdcR,0.9929631352424622
fldA,gcvA,1.0
fldA,dhaR,0.9999991655349731
lsrG,hupB,0.9797652363777161
feoB,leuO,0.9999687671661377
yhiD,gadX,0.9461016058921814
gatC,decoy3,0.999980092048645
rplT,allR,0.994914174079895
decoy19,gatR_2,1.0
pstA,flhD,1.0
pstA,dnaA,1.0
yiaL,melR,0.9999992847442627
fliR,cusR,0.9999610185623169
fliR,flhD,1.0
fadL,gatR_2,1.0
fadL,nikR,1.0
fadL,hupA,0.9999998807907104
fadL,zntR,0.9999996423721313
nikD,dmsC,0.998007595539093
ydhX,mdtF,0.9848353862762451
alsB,rrfD,0.9933187961578369
galK,glpR,0.9969562292098999
artJ,uvrY,0.9994708895683289
fimC,nirC,0.9934180974960327
ydiV,ygbK,0.973078727722168
rhaS,cheZ,0.8718969821929932
yahA,ssuD,0.9987099170684814
argH,fliQ,0.9392979741096497
ansB,decoy44,0.9640446901321411
leuC,scpB,0.9429882168769836
xseA,hypC,0.9061247110366821
malT,ddpB,0.9112371802330017
livM,phnH,0.8067734241485596
wzyE,fadB,0.9619318246841431
ddlB,lysV,0.9423068761825562
agaV,prfA,0.9075910449028015
glpF,idnK,0.9242382049560547
yhjA,fixB,0.8802689909934998
narK,ccmH,0.9609419107437134
nhaA,galT,0.981890857219696
glyU,dhaM,0.9679005146026611
cyoD,paaE,0.9528293013572693
pyrC,flgG,0.9910220503807068
kdpB,csgE,0.9071425199508667
alaX,decoy27,0.8784841299057007
yhjA,csgD,0.9773169159889221
caiA,sgrR,0.9750486612319946
ppsA,tdcC,0.9364172220230103
lacA,fecD,0.8122393488883972
nikC,seqA,0.8165690898895264
glgS,fabZ,0.9609588980674744
nrfF,chiA,0.8619347214698792
decoy33,fumC,0.9724252820014954
gabD,creB,0.9767190217971802
hcaE,rrfH,0.9791891574859619
edd,ygiA,0.9335340261459351
decoy38,prpE,0.8123732209205627
yciG,fepC,0.9006842374801636
tyrR,decoy14,0.9915292263031006
cysB,flhD,0.9999988079071045
hcaR,gatR_2,1.0
oxyR,betI,0.9851758480072021
lrhA,dnaA,1.0
fur,uidR,0.9995999932289124
metJ,ascG,0.999518632888794
nagC,envR,0.876387357711792
argR,gatR_2,1.0
araC,gcvA,1.0
gadW,nikR,0.9999998807907104
yefM,flhD,0.9999998807907104
mngR,gatR_2,1.0
flhC,gatR_2,1.0
rbsR,leuO,0.999907374382019
crp,gatR_2,1.0
crp,dnaA,1.0
decoy3,gadE,0.9870498776435852
leuO,hupA,0.9966720342636108
cytR,gcvA,1.0
nikR,dnaA,0.9987549781799316
sgrR,mqsR,0.8493815064430237
atoC,gcvA,1.0
atoC,gatR_2,1.0
narP,crp,0.9972061514854431
zur,hupA,1.0
narL,dsdC,0.9999983310699463
acrR,torR,0.9882466197013855
marR,gatR_2,1.0
hyfR,gatR_2,1.0
uxaC,fabR,0.9999971389770508
rcnA,fhlA,0.8840566277503967
rcnA,nikR,1.0
rcnA,dnaA,1.0
decoy58,gatR_2,1.0
fixB,rtcR,0.999998927116394
phnD,stpA,0.9922932386398315
phnD,dnaA,1.0
decoy48,cysB,0.9596788883209229
dsbC,gcvA,1.0
prfA,creB,0.9629276990890503
gdhA,dsdC,0.9999985694885254
dcuS,gcvA,1.0
mhpT,dnaA,1.0
ompA,gatR_2,1.0
apaH,zraR,0.9606732130050659
fadE,gatR_2,1.0
lysA,gatR_2,1.0
entA,exuR,0.9999885559082031
uidC,deoR,0.9977806210517883
ftnA,murR,0.9999966621398926
hisM,dnaA,1.0
epd,creB,0.9957451224327087
nfo,flhD,0.9999998807907104
nfo,idnR,0.9980266690254211
aslB,nikR,1.0
ruvB,nikR,1.0
yfiD,gatR_2,1.0
yfiD,hupA,1.0
fdnI,zntR,0.9999998807907104
fepC,cusR,0.9997674822807312
rtcB,gcvA,1.0
hemF,leuO,1.0
bcsB,fabR,0.9999998807907104
cysA,gcvA,1.0
xdhA,hupA,1.0
xdhA,dhaR,0.9999985694885254
folA,decoy12,0.9915401339530945
folA,hupA,1.0
fumB,rhaS,0.9883981347084045
fumB,hupA,1.0
nrdB,decoy8,0.9994303584098816
ybbY,melR,0.9999998807907104
alaT,gatR_2,1.0
melB,zur,0.9999959468841553
argT,dnaA,1.0
argH,fabR,0.9999974966049194
wcaB,flhD,1.0
ykgO,soxR,0.9316043257713318
moaA,nikR,1.0
hycG,decoy16,0.9998419284820557
chpR,dnaA,1.0
dhaM,fabR,1.0
sgbU,dnaA,1.0
yfdZ,rtcR,0.9999732971191406
yneN,nemR,0.9992419481277466
yneN,nikR,1.0
yneN,tdcR,0.9986733198165894
idnK,atoC,0.8567423820495605
aceE,leuO,1.0
yjjP,asnC,0.9936040043830872
purE,gcvA,1.0
yeiT,hupA,1.0
cysC,hupA,1.0
nuoN,cpxR,0.9989551305770874
alsB,decoy8,0.999870777130127
gyrB,gatR_2,1.0
gyrB,hupA,1.0
prpB,gatR_2,1.0
purB,gcvA,1.0
purB,flhD,0.9999998807907104
ftsQ,dhaR,0.9999990463256836
hybC,dhaR,0.999998927116394
ydhT,cusR,0.9999812841415405
ydhT,flhD,1.0
infB,gadW,0.9984869956970215
glmY,melR,1.0
ilvI,decoy15,0.9967711567878723
trxA,dhaR,0.9999971389770508
glnX,zntR,1.0
ptsG,nikR,1.0
ptsG,allR,0.9951764345169067
ptsG,dhaR,0.9999969005584717
lpxA,leuO,1.0
artM,leuO,1.0
artM,acrR,0.9981932044029236
ilvH,iclR,0.9944419264793396
gltX,gcvA,1.0
rutB,gatR_2,1.0
rpoS,leuO,1.0
fimB,gcvA,1.0
araH,zur,0.9999818801879883
rrlC,gcvA,1.0
nfuA,marA,0.9844723343849182
ecpD,deoR,0.989719033241272
ecpD,purR,0.9787841439247131
fruA,gatR_2,1.0
poxB,cadC,0.996451735496521
cvpA,decoy15,0.9975214600563049
cvpA,csgD,0.9993808269500732
moaC,galR,0.9085906744003296
cusS,decoy8,0.9983091354370117
rplD,rstA,0.9989560842514038
gatZ,decoy12,0.8358420729637146
gatZ,fabR,0.9999997615814209
csgF,flhD,0.9999998807907104
sucC,melR,1.0
sucC,rbsR,0.9999991655349731
decoy45,decoy10,0.9626171588897705
proP,gatR_2,1.0
fucP,pspF,0.9998910427093506
fldB,rbsR,0.9999997615814209
argB,dcuR,0.8800363540649414
trpA,gcvA,1.0
trpA,allR,0.998916745185852
ydhX,cusR,0.9999911785125732
ackA,hcaR,0.9978505373001099
ackA,exuR,0.9999892711639404
decoy22,torR,0.9829666614532471
nfsA,leuO,1.0
nfsA,dnaA,1.0
fimI,hupA,1.0
paaH,mngR,0.8256551027297974
leuQ,melR,1.0
leuQ,rbsR,0.9999998807907104
leuQ,idnR,0.999284565448761
leuQ,dhaR,0.999998927116394
fliS,modE,0.9999908208847046
napH,dnaA,1.0
gcd,gatR_2,1.0
ychO,gatR_2,1.0
prpD,flhD,0.9999998807907104
cheA,asnC,0.9765215516090393
agaV,gcvA,1.0
codA,dnaA,1.0
chbF,uidR,0.9993688464164734
glnB,gcvA,1.0
glnB,dnaA,1.0
tdcG,hupA,1.0
rrlE,zur,0.9999576807022095
amn,csiR,0.8481963276863098
amn,flhD,0.9999996423721313
katE,rbsR,0.9999997615814209
yccB,gcvA,1.0
ppdC,flhD,0.9999998807907104
dcuC,gadE,0.9984440207481384
decoy46,dsdC,0.9999939203262329
pyrC,dnaA,1.0
cusC,gatR_2,1.0
yafN,gatR_2,1.0
fliJ,exuR,0.999991774559021
fliJ,flhD,1.0
sucD,gcvA,1.0
sucD,gatR_2,1.0
kbaZ,nikR,1.0
hyaE,murR,0.999993085861206
argG,decoy11,0.9893797039985657
argG,asnC,0.9927858114242554
argG,gatR_2,1.0
guaB,dnaA,1.0
ygaC,gntR,0.893006443977356
mukF,hupA,1.0
valX,envR,0.9724226593971252
mnmG,dsdC,0.9999908208847046
rplV,gatR_2,1.0
xseA,dnaA,1.0
glcB,rtcR,0.9999796152114868
phnP,hupA,1.0
valU,gatR_2,1.0
tyrV,treR,0.9994044303894043
uvrC,melR,0.9999998807907104
uvrC,rbsR,0.9999983310699463
psiE,dhaR,0.9999984502792358
glgS,rob,0.8357530236244202
pagP,zntR,0.9999998807907104
mzrA,hupA,1.0
uspB,leuO,1.0
ynfF,gatR_2,1.0
ynfF,nikR,1.0
ynfF,dnaA,1.0
phnK,exuR,0.9999830722808838
sgbE,nikR,1.0
dnaN,gcvA,1.0
ykgR,exuR,0.9999932050704956
ykgR,dsdC,0.9999983310699463
ykgR,idnR,0.9996166229248047
sufB,zntR,0.9999982118606567
gntK,hupA,1.0
modA,flhD,0.9999998807907104
adhE,modE,0.9999995231628418
adhE,dnaA,1.0
agaS,melR,1.0
agaS,rbsR,0.9999998807907104
flgD,gcvA,1.0
phnF,fur,0.9645019173622131
entF,gatR_2,1.0
relA,rpiR,0.9956042766571045
narI,decoy8,0.9999053478240967
focB,gcvA,1.0
glpD,rbsR,0.9999996423721313
ptsH,rbsR,0.9999995231628418
decoy34,zntR,0.9999974966049194
ycgR,gadE,0.9374580383300781
frc,cusR,0.9999673366546631
galK,gatR_2,1.0
lacZ,nikR,1.0
lacZ,arsR,0.9852607846260071
ydhY,nemR,0.9987385869026184
ydhY,leuO,1.0
ribA,hupA,1.0
fdnG,exuR,0.9999884366989136
fdnG,nikR,1.0
fdnG,dnaA,1.0
sucB,csgD,0.8911057710647583
fliC,creB,0.9984545707702637
xapA,decoy15,0.9980471134185791
xapA,gatR_2,1.0
yeiB,zntR,0.9999998807907104
flgM,deoR,0.9984686970710754
flgM,decoy8,0.9999312162399292
cusF,dnaA,1.0
ulaE,decoy16,0.9995593428611755
ibpB,modE,0.9999970197677612
glnA,gatR_2,1.0
glnA,idnR,0.9992353916168213
cheZ,hcaR,0.9975900650024414
cheZ,nikR,1.0
nuoG,gatR_2,1.0
nuoG,flhD,0.9999998807907104
rhaT,flhD,0.9999998807907104
rhaT,dnaA,1.0
livF,cytR,0.9790902137756348
mhpB,fabR,0.9999998807907104
rrsC,csiR,0.8503050804138184
rrsC,dhaR,0.9999903440475464
thiQ,murR,0.9999964237213135
tehA,galS,0.9401435852050781
tehA,fabR,0.9999998807907104
tehA,dnaA,1.0
kdpB,galR,0.8975580334663391
dsbA,srlR,0.9985178112983704
hpt,nikR,1.0
atoD,cusR,0.9998055100440979
cysM,hupA,1.0
nuoF,mntR,0.9937402009963989
fdnH,gatR_2,1.0
fdnH,decoy3,0.9976379871368408
fdnH,leuO,1.0
lldD,fabR,0.9999998807907104
yccA,gatR_2,1.0
mdtB,rstA,0.9967278242111206
gatB,rstA,0.9989078044891357
rrlD,allR,0.9994828701019287
mgtA,uidR,0.9994615912437439
norV,envR,0.9995529055595398
norV,gatR_2,1.0
manY,dnaA,1.0
micF,mngR,0.9915908575057983
topA,rhaS,0.9954590797424316
csgC,srlR,0.9961524605751038
gcvB,crp,0.9257264137268066
fhuF,flhD,1.0
fhuF,atoC,0.9890819787979126
upp,melR,1.0
upp,allR,0.9939259886741638
gudD,gatR_2,1.0
mioC,dnaA,1.0
prpC,creB,0.99654620885849
mtlD,decoy13,0.9073701500892639
phoH,mntR,0.9986603260040283
phoH,nikR,1.0
rtcA,gatR_2,1.0
ssuC,tdcR,0.9968818426132202
mdtE,hupA,1.0
alaW,gcvA,1.0
tdcF,glcC,0.9985197186470032
kdpF,leuO,1.0
kdpF,zntR,0.9999998807907104
ascF,cusR,0.9999585151672363
ascF,flhD,0.9999998807907104
tap,fabR,0.9999998807907104
acrB,gcvA,1.0
cysD,yoeB,0.9931216835975647
cysD,murR,0.9999966621398926
galP,hupA,1.0
galP,dnaA,1.0
nuoM,hupB,0.9814175963401794
uidB,rtcR,0.9999994039535522
uidB,leuO,1.0
idnO,iscR,0.9897510409355164
lacA,cpxR,0.8358632326126099
hyfC,gatR_2,1.0
gyrA,flhD,1.0
lsrK,gatR_2,1.0
lsrK,dcuR,0.9947717785835266
purF,gcvA,1.0
purF,dhaR,0.9999898672103882
ccmE,gatR_2,1.0
ccmE,leuO,1.0
ddpC,gcvA,1.0
decoy69,zntR,0.9999998807907104
ilvE,caiF,0.9313342571258545
pgaB,alaS,0.98917156457901
malX,leuO,1.0
malX,zntR,0.9999997615814209
alaV,rutR,0.9090145230293274
galM,gcvA,1.0
galM,nikR,1.0
galM,dhaR,0.9999958276748657
galM,dnaA,1.0
aceA,flhD,0.9999998807907104
aceA,allR,0.9964408278465271
bcsZ,gcvA,1.0
pfkA,decoy1,0.8883864879608154
entB,decoy15,0.9313337802886963
entB,allR,0.987630307674408
entB,dhaR,0.9999959468841553
frdC,gatR_2,1.0
lacY,gutM,0.8246955275535583
lacY,nikR,1.0
lacY,dnaA,1.0
ulaA,hipB,0.9997729659080505
ulaA,nikR,1.0
prpE,gatR_2,1.0
ilvA,hupA,1.0
trmA,zntR,0.9999992847442627
dmsB,gatR_2,1.0
dmsB,galS,0.9907556176185608
znuC,gatR_2,1.0
udp,gatR_2,1.0
tam,fabR,0.9999998807907104
hlpA,ascG,0.9987553358078003
gabP,allR,0.998677670955658
aroL,srlR,0.9209544062614441
cysP,gcvA,1.0
ogt,argP,0.9538328647613525
cysU,hupB,0.9949872493743896
cysU,soxS,0.9946057200431824
iscU,uidR,0.9996621608734131
iscU,gatR_2,1.0
manZ,pspF,0.984738826751709
pitB,decoy3,0.9521549344062805
nagA,nikR,1.0
cyoE,torR,0.9177682995796204
uspA,decoy15,0.9819363951683044
uspA,allR,0.9965413212776184
ccmC,gatR_2,1.0
uvrA,fucR,0.9711155891418457
uvrA,flhD,1.0
ygiC,gatR_2,1.0
dksA,nikR,0.9999998807907104
bioB,dsdC,0.9999953508377075
hofP,decoy8,0.99982088804245
hypD,gcvA,1.0
livH,dsdC,0.9999749660491943
decoy61,nikR,1.0
decoy61,dnaA,1.0
dkgB,arcA,0.9957061409950256
dkgB,hupA,1.0
yhcH,flhD,0.9999998807907104
puuD,zur,0.999882698059082
fumC,nikR,1.0
ychH,zntR,0.9999998807907104
gmr,nikR,1.0
purA,rtcR,0.9999991655349731
rdoA,cysB,0.9997804760932922
psiF,hupA,1.0
rimK,hupA,1.0
leuL,exuR,0.9999655485153198
thrW,dnaA,1.0
uxuB,melR,1.0
tsx,nikR,1.0
ubiC,nemR,0.9990986585617065
bdm,flhD,0.9999996423721313
rplW,torR,0.9980888962745667
araG,murR,0.9999830722808838
nrdE,gatR_2,1.0
leuD,melR,1.0
leuD,rbsR,0.9999996423721313
argI,leuO,1.0
degP,cbl,0.9907682538032532
crr,hdfR,0.985032856464386
crr,zntR,0.9999997615814209
gadC,flhD,0.9999998807907104
gadC,dnaA,1.0
flgC,nikR,1.0
flgC,dhaR,0.9999985694885254
hemA,rtcR,0.9999761581420898
rseB,gcvA,1.0
amiA,flhD,0.9999995231628418
hybE,fabR,1.0
mdtA,hipB,0.9995729327201843
mdtA,dnaA,1.0
zinT,nemR,0.986149787902832
yjbG,gatR_2,1.0
hyfI,dsdC,0.9999942779541016
artQ,melR,1.0
decoy27,melR,0.9999998807907104
decoy27,rbsR,0.9999985694885254
ytfE,gatR_2,1.0
gltL,gatR_2,1.0
gltL,dnaA,1.0
hyfG,pdhR,0.9313931465148926
paaD,dsdC,0.9999983310699463
paaD,alpA,0.9962420463562012
asnB,xapR,0.8752769827842712
tbpA,flhD,0.9999998807907104
tbpA,idnR,0.9981708526611328
hyaB,leuO,1.0
ykgM,leuO,1.0
asnA,gatR_2,1.0
fepG,murR,0.9999939203262329
fepG,leuO,1.0
dinJ,gatR_2,1.0
slyB,dhaR,0.9999991655349731
argW,gcvA,1.0
argW,gatR_2,1.0
argC,uidR,0.9989232420921326
argC,gatR_2,1.0
nanM,gatR_2,1.0
csgA,decoy16,0.9997907280921936
cydA,melR,1.0
pgi,gcvA,1.0
mglA,decoy5,0.9981427192687988
mglA,leuO,1.0
hchA,asnC,0.9923222661018372
ulaB,murR,0.9999949932098389
ybaT,nikR,0.9999998807907104
nusA,decoy15,0.9981189370155334
gudP,fruR,0.989790141582489
gudP,gatR_2,1.0
ygdB,idnR,0.9953924417495728
murP,gadW,0.9978690147399902
murP,nikR,1.0
hypC,gatR_2,1.0
cynX,zntR,0.9999997615814209
fimC,leuO,1.0
gatA,leuO,1.0
rrsB,gatR_2,1.0
rrsB,flhD,0.9999998807907104
glpC,nikR,0.9999998807907104
glpC,dnaA,1.0
sucA,dsdC,0.9999980926513672
nrdI,leuO,1.0
feaB,gcvA,1.0
creD,decoy16,0.9994122982025146
creD,gatR_2,1.0
cusB,flhD,0.9999998807907104
appA,gatR_2,1.0
caiD,zur,0.9999467134475708
metY,dhaR,0.9999990463256836
leuV,treR,0.9114198684692383
decoy73,cbl,0.9775821566581726
pheU,gatR_2,1.0
glgA,gatR_2,1.0
paaI,nikR,1.0
paaI,dnaA,1.0
hlyE,gatR_2,1.0
sufD,crp,0.997982382774353
xylA,hcaR,0.999340832233429
sufA,nikR,1.0
sufA,dnaA,1.0
yibD,nikR,1.0
dctA,leuO,1.0
pykF,zur,0.9999922513961792
nirD,hcaR,0.9985670447349548
rrfH,fabR,0.9999977350234985
ydfN,dhaR,0.9999988079071045
appC,rbsR,0.9999991655349731
pspD,decoy15,0.9976798892021179
pspD,galS,0.9897580146789551
artJ,zntR,0.999997615814209
chbB,gcvA,1.0
narX,tdcR,0.9986030459403992
ppiD,gcvA,1.0
ppiD,dsdC,0.9999924898147583
ppiD,melR,1.0
ppiD,dhaR,0.9999967813491821
ppiD,dnaA,1.0
decoy38,dhaR,0.9999991655349731
hybF,fabR,0.9999974966049194
nuoJ,decoy15,0.9970815777778625
nuoJ,gcvA,1.0
nuoJ,rbsR,0.9999998807907104
napC,gatR_2,1.0
napG,allR,0.999504566192627
ccmG,gatR_2,1.0
ccmG,leuO,1.0
ftsZ,hcaR,0.9832837581634521
tehB,gcvA,1.0
flu,gcvA,1.0
uhpT,ydeO,0.8859403133392334
yoaG,hupA,1.0
yebG,decoy7,0.9813660383224487
yjeV,mngR,0.9997734427452087
alkA,srlR,0.9988093376159668
evgS,murR,0.9999831914901733
evgS,leuO,1.0
dapB,gatR_2,1.0
hisP,rbsR,0.9999997615814209
glpB,zur,0.9999446868896484
metB,dnaA,1.0
rrfG,pspF,0.999883770942688
glcG,gntR,0.9847848415374756
dcuA,fabR,0.9999998807907104
htrE,dnaA,1.0
glpQ,dsdC,0.999995231628418
decoy56,mngR,0.9989456534385681
decoy56,tdcR,0.9740506410598755
csgG,nikR,1.0
csgG,tdcR,0.9978867173194885
cydC,allR,0.9993245601654053
yjbE,cusR,0.9953104853630066
cirA,asnC,0.9920612573623657
cirA,purR,0.9915732741355896
cirA,betI,0.9724552631378174
cirA,dnaA,1.0
fimG,leuO,1.0
aldA,zntR,0.9999996423721313
gltF,sdiA,0.973347544670105
ilvN,gcvA,1.0
ilvN,hupA,1.0
ilvN,dhaR,0.9999979734420776
ybiS,exuR,0.9999924898147583
nuoA,cysB,0.9803572297096252
fiu,dsdC,0.9999945163726807
infC,hupA,1.0
argX,dicA,0.998197615146637
argX,gcvA,1.0
caiE,melR,1.0
flgI,gatR_2,1.0
flgI,hns,0.996241569519043
tdh,rtcR,0.9999958276748657
pstB,modE,0.9999997615814209
ynfG,nikR,0.9999998807907104
ynfG,dhaR,0.9999678134918213
eno,crp,0.9984377026557922
ompF,alaS,0.9932189583778381
nadA,rbsR,0.9999997615814209
fliL,gcvA,1.0
rpmC,leuO,1.0
bioF,modE,0.9999994039535522
garL,gatR_2,1.0
rutF,leuO,1.0
rutF,zntR,0.9999997615814209
rutF,dnaA,1.0
nagB,leuO,1.0
tsr,gcvA,1.0
tsr,gatR_2,1.0
yeaG,gcvA,1.0
gcvH,hipB,0.9994580149650574
gcvH,melR,1.0
gcvH,rbsR,0.9999996423721313
dinD,dnaA,1.0
torC,exuR,0.9999948740005493
torC,flhD,1.0
tyrP,fabR,0.9999996423721313
nikA,dnaA,1.0
rrlG,hupA,1.0
rbsA,modE,0.9999957084655762
rrlH,gcvA,1.0
rrlH,rbsR,0.9999998807907104
rrlH,nikR,1.0
rrlH,dhaR,0.9999986886978149
rpsC,hipB,0.9997554421424866
wzb,nemR,0.9989539384841919
wzb,tdcR,0.9981812238693237
wza,srlR,0.9982806444168091
nrdD,dnaA,1.0
fruK,exuR,0.9998489618301392
gadY,decoy8,0.9994483590126038
nikD,nikR,1.0
nikD,dnaA,1.0
fliY,flhD,0.9999998807907104
cysK,araC,0.9133509397506714
cysK,hupA,1.0
gadB,gcvA,1.0
ppsA,dnaA,1.0
ilvM,mngR,0.9998288154602051
ulaG,exuR,0.9999897480010986
pepD,hupA,1.0
rseA,decoy8,0.9997102618217468
yafO,flhD,0.9999998807907104
iraM,gatR_2,1.0
aspA,metR,0.9065174460411072
hyaC,pspF,0.9998656511306763
mraY,dhaR,0.9999957084655762
napA,asnC,0.9961183071136475
napA,leuO,1.0
napA,hupA,1.0
napA,zntR,0.9999998807907104
leuW,melR,0.9999998807907104
alkB,gatR_2,1.0
alkB,hupA,1.0
fliK,tdcR,0.9983275532722473
xylH,araC,0.9734055995941162
slp,gatR_2,1.0
flhB,dsdC,0.9999902248382568
ung,leuO,1.0
gutQ,gatR_1,0.944526195526123
baeS,cbl,0.9928225874900818
fucU,creB,0.9983110427856445
fucU,gatR_2,1.0
rpsO,zntR,0.9999998807907104
exbB,nikR,1.0
maoC,hupB,0.9956315755844116
cysW,hupA,1.0
cysW,dnaA,1.0
ompX,modE,0.9999997615814209
hdeB,hupA,1.0
nikB,gcvA,1.0
scpB,leuO,1.0
dhaK,decoy11,0.9804632067680359
ycfS,decoy3,0.9902777075767517
cadA,leuO,1.0
pstS,leuO,1.0
mazG,dhaR,0.9999982118606567
pgaD,nikR,1.0
pstC,gatR_2,1.0
pspA,rtcR,0.999998927116394
rffE,gcvA,1.0
rffE,leuO,1.0
uxaA,leuO,1.0
decoy43,mntR,0.9905593395233154
seqA,gcvA,1.0
tauB,decoy1,0.9546844363212585
ccmH,uidR,0.972383439540863
acrF,melR,1.0
phoE,dnaA,1.0
paaC,gatR_2,1.0
cusA,gatR_2,1.0
nrdA,gcvA,1.0
nrdA,nikR,1.0
nrdA,hupA,1.0
cyaR,zraR,0.9965853691101074
melA,atoC,0.9722021222114563
purC,exuR,0.9999922513961792
fhuB,modE,0.9999996423721313
dctR,decoy14,0.9979386925697327
fabB,exuR,0.9999872446060181
fabB,flhD,0.9999998807907104
leuC,modE,0.9999998807907104
frdD,dnaA,1.0
idnT,leuO,1.0
hyfH,flhD,0.9999998807907104
hyfH,nikR,1.0
hyfH,dhaR,0.9999986886978149
hyfH,dnaA,1.0
recA,exuR,0.9999926090240479
recA,gatR_2,1.0
cyoB,decoy15,0.9969980716705322
decoy42,dcuR,0.9949395656585693
oppA,zntR,0.9999996423721313
rrlB,zntR,0.9999998807907104
araB,gatR_2,1.0
ugpA,uidR,0.9990866184234619
hyfJ,rpiR,0.9845230579376221
amtB,rbsR,0.9999996423721313
decoy33,decoy16,0.9994428753852844
malP,flhD,1.0
yojI,gatR_2,1.0
rpsQ,dhaR,0.9999880790710449
entC,crp,0.9983744621276855
dmsC,exuR,0.9999819993972778
dmsC,gcvA,1.0
sdhB,fhlA,0.9912989735603333
sdhB,flhD,1.0
htpG,dnaA,1.0
decoy66,lldR,0.9577103853225708
mhpF,hupA,1.0
ybjG,asnC,0.9939730763435364
nemA,hupA,1.0
nuoH,ada,0.9166663289070129
nuoH,lldR,0.9746361970901489
fucK,envR,0.9995276927947998
zraS,murR,0.9991890788078308
dsdA,gatR_2,1.0
fldA,cytR,0.963523268699646
nikC,exuR,0.9999760389328003
nikC,gcvA,1.0
edd,gcvA,1.0
feoB,rpiR,0.9930527806282043
feoB,zntR,0.9999998807907104
yeiA,gcvA,1.0
yeiA,dsdC,0.9999940395355225
rplT,dhaR,0.9999992847442627
metI,csgD,0.9986298084259033
moaE,rtcR,0.9999994039535522
pheT,gatR_2,1.0
pheT,nikR,1.0
murQ,rbsR,0.9999996423721313
murQ,gatR_2,1.0
mdh,nikR,1.0
paaA,modE,0.9999978542327881
hyfG,fliR,0.998673677444458
exbD,argO,0.9709271788597107
prfA,artI,0.9999212026596069
csgC,yiaK,0.987657904624939
nrdR,marR,0.9999994039535522
ftsZ,tpx,0.9999997615814209
rimP,zraP,0.9999995231628418
pgaB,yeiT,0.9999971389770508
fliJ,leuT,0.8493815064430237
leuW,glpG,0.9971156120300293
fhuF,rtcB,0.8739617466926575
decoy58,sgbE,0.9681494235992432
decoy56,uvrD,0.9961618185043335
cirA,decoy23,0.9398386478424072
pheU,acnA,0.9297208189964294
wzc,hlyE,0.9981420040130615
ahpC,nuoF,0.9846009612083435
mntR,entB,0.8142624497413635
mqsA,yeiB,0.9429096579551697
aidB,scpA,0.8865060806274414
speB,rhaR,0.9116225838661194
araD,phnL,0.9857448935508728
lsrR,intA,0.8640360236167908
poxB,pspA,0.9876765012741089
hyfH,mhpB,0.8091397881507874
thiP,tfaQ,0.9577493071556091
valX,rffD,0.9319042563438416
nsrR,feoB,0.9967876672744751
ddlB,purA,0.9997255206108093
fadB,proM,0.9712583422660828
hycH,ybbY,0.992559552192688
decoy6,fimA,0.9411155581474304
sucC,dppD,0.8892381191253662
uvrD,ilvH,0.9877308011054993
tyrR,gatR_2,1.0
tdcA,gatR_2,1.0
nemR,leuO,0.9999737739562988
lysR,hupA,0.9999992847442627
putA,gatR_2,1.0
dicA,fabR,0.9998418092727661
caiF,gcvA,0.9999927282333374
envR,modE,0.9927453398704529
decoy17,gatR_2,1.0
decoy17,hupA,0.999998927116394
stpA,gatR_2,1.0
decoy16,gatR_2,1.0
decoy5,hyfR,0.997532844543457
gutM,exuR,0.9998303651809692
csiR,leuO,0.9999953508377075
trpR,gatR_2,1.0
qseB,slyA,0.9370455741882324
fur,gatR_2,1.0
creB,exuR,0.9973202347755432
decoy11,nikR,0.9999736547470093
asnC,exuR,0.992662787437439
lldR,dsdC,0.9999425411224365
cueR,gatR_2,1.0
melR,gatR_2,0.9994832277297974
rbsR,gatR_2,0.9999954700469971
cytR,dhaR,0.99843829870224
relB,relE,0.9717592597007751
decoy4,gcvA,0.9999837875366211
decoy4,dhaR,0.9970049262046814
dcuR,gatR_2,1.0
kdpE,gcvA,0.9999905824661255
zur,torR,0.9913910627365112
cdaR,hupA,0.9999983310699463
srlR,leuO,0.9999961853027344
lrp,gatR_2,1.0
ihfB,gcvA,0.999985933303833
uxuR,dsdC,0.9965127110481262
mdtC,gatR_2,1.0
rcnA,deoR,0.9990290403366089
rcnA,gatR_2,1.0
decoy58,gcvA,0.999992847442627
decoy62,zntR,0.999900221824646
pheV,murR,0.9966782331466675
fliN,fabR,0.9999078512191772
pepT,gatR_2,1.0
yebE,dhaR,0.9988816380500793
paaB,hupA,0.9999905824661255
apaH,murR,0.9732004404067993
nfo,allR,0.9930650591850281
emrK,appY,0.9683451056480408
ruvB,dnaA,0.9998728036880493
nohA,ilvY,0.9960271120071411
rpiB,exuR,0.9998136162757874
fepC,torR,0.9936034083366394
puuA,nsrR,0.8304929733276367
puuA,hupA,0.9999872446060181
betT,leuO,0.9999810457229614
nupG,gadW,0.9991363883018494
nupG,dsdC,0.9999327659606934
hypE,decoy13,0.9287612438201904
hypE,dnaA,0.9999691247940063
rtcB,decoy15,0.9976682066917419
rtcB,dhaR,0.997654378414154
decoy24,nikR,0.9999780654907227
gltK,cysB,0.9567682147026062
melB,torR,0.9998605251312256
wcaB,nikR,0.9999868869781494
cpxP,argP,0.9048157334327698
uxaB,decoy15,0.9987051486968994
phnI,tdcR,0.9213662147521973
phnI,fabR,0.9999269247055054
moaA,decoy15,0.9988511800765991
moaA,dsdC,0.999925971031189
hycH,leuO,0.9999938011169434
hycH,hupA,0.9999982118606567
chpR,gatR_2,1.0
yiaO,gadE,0.9375572800636292
yneN,dnaA,0.9999480247497559
phoA,ada,0.8873018026351929
phoA,hdfR,0.9978784322738647
yjbH,dhaR,0.9995734095573425
kbaY,gatR_2,1.0
cdd,gatR_2,1.0
serT,hupB,0.9956879019737244
idnK,flhD,0.99875807762146
serX,gatR_1,0.9975990653038025
purE,gatR_2,1.0
ycaC,fabR,0.9999693632125854
cysC,gcvA,0.9999945163726807
cysC,flhD,0.9993947744369507
nuoN,gadW,0.9993589520454407
emrB,gcvA,0.999992847442627
prs,asnC,0.8063868880271912
prpB,zntR,0.9997937083244324
dadA,torR,0.9996159076690674
nuoL,agaR,0.9995654225349426
ybjN,gatR_2,1.0
hybC,gcvA,0.9999322891235352
nrdF,allR,0.9957948923110962
nrdF,dhaR,0.9990397095680237
ydhW,rbsR,0.9998366832733154
hydN,hupA,0.9999991655349731
infB,dsdC,0.9999433755874634
infB,dnaA,0.9999476671218872
glmY,rbsR,0.9998970031738281
flgB,leuO,0.999997615814209
flgB,zntR,0.9999251365661621
ilvI,hupA,0.9999988079071045
cueO,decoy12,0.8520836234092712
cueO,pdhR,0.9032498002052307
rrsE,rtcR,0.9997804760932922
trxA,hupA,0.9999982118606567
nuoB,nikR,0.9998539686203003
hycE,gatR_2,1.0
hycE,flhD,0.9995602965354919
hycE,hupA,0.9999991655349731
ptsG,dnaA,0.999072790145874
dicB,fabR,0.9997988343238831
ftsL,mntR,0.9437767863273621
ddpX,melR,0.9999949932098389
guaA,argP,0.9896736145019531
ppdB,hupA,0.9999933242797852
znuA,betI,0.9797061085700989
ygbA,exuR,0.9999337196350098
decoy75,dsdC,0.9994441866874695
araH,nac,0.9953509569168091
araH,torR,0.999737560749054
inaA,gatR_2,1.0
emrY,hupB,0.9741290211677551
apaG,nikR,0.9999701976776123
apaG,dnaA,0.9999382495880127
nfuA,gcvA,0.9999923706054688
nfuA,asnC,0.9781301021575928
garP,torR,0.9992848038673401
chbC,asnC,0.9012166857719421
intA,nsrR,0.9872855544090271
intA,ilvY,0.9655560255050659
alsA,soxR,0.9633952379226685
dinF,rhaS,0.9152531623840332
csgF,gcvA,0.9999960660934448
decoy45,dsdC,0.99960857629776
dsbG,torR,0.9998204112052917
dinQ,decoy4,0.9436891078948975
fldB,dhaR,0.9257301092147827
frdA,ilvY,0.9969782829284668
ubiG,murR,0.9962186217308044
gltT,appY,0.8039577007293701
trpA,dhaR,0.999431312084198
ydhX,nikR,0.9999849796295166
ackA,glcC,0.8417686820030212
nfsA,nikR,0.999962568283081
glcA,hdfR,0.9612091779708862
glcA,dnaA,0.999871015548706
iraP,rtcR,0.9998879432678223
rbsD,melR,0.9999959468841553
ychO,melR,0.9999969005584717
ychO,rbsR,0.999907374382019
prpD,gatR_2,1.0
hcaC,fabR,0.9999756813049316
codA,gatR_2,1.0
frdB,nikR,0.9999804496765137
dusB,gatR_2,1.0
dusB,flhD,0.9972639083862305
glnB,decoy14,0.9257923364639282
nanC,iclR,0.8333837389945984
nanC,dsdC,0.9999673366546631
hmp,exuR,0.9995819926261902
hybB,cusR,0.9910645484924316
ppdC,gcvA,0.999994158744812
hofO,gcvA,0.9999827146530151
decoy68,rbsR,0.9999141693115234
ansB,gatR_2,1.0
ydeJ,gatR_2,1.0
hofN,fabR,0.9999626874923706
copA,allR,0.9945664405822754
argG,decoy7,0.9917364716529846
folE,gatR_2,1.0
guaB,gcvA,0.9999853372573853
fixA,melR,0.9998730421066284
fixA,rbsR,0.9895868301391602
fliT,uhpA,0.820898175239563
scpA,nikR,0.9999377727508545
yeaE,deoR,0.9977654218673706
motA,fabR,0.9998941421508789
phnP,torR,0.9991883635520935
xylF,gatR_2,1.0
ryhB,gatR_2,1.0
rpsI,flhD,0.9963332414627075
rpsI,nikR,0.999941349029541
rpsI,dnaA,0.9998669624328613
metC,decoy8,0.9933083057403564
psiE,allR,0.9958590865135193
glgS,gatR_2,1.0
recX,hupB,0.992088258266449
recX,gatR_2,1.0
recX,ulaR,0.8173155188560486
rrfC,gatR_2,1.0
rrfC,fabR,0.9999469518661499
uspB,gatR_2,1.0
ompW,dhaR,0.9997022747993469
sgbE,hupB,0.981431245803833
sgbE,dnaA,0.9999115467071533
fhuA,hupA,0.999998927116394
agaD,rpiR,0.9946967363357544
rrsH,dsdC,0.9999642372131348
rfe,fabR,0.9998635053634644
ahpF,hupA,0.9999982118606567
yidQ,nac,0.9989455342292786
yidQ,torR,0.999897837638855
phoR,exuR,0.9998220801353455
entH,hupB,0.9691968560218811
gntK,deoR,0.999618649482727
modA,betI,0.842212975025177
alsE,dsdC,0.9999363422393799
wzzE,leuO,0.9998894929885864
sbmC,hupA,0.9999991655349731
leuT,gatR_2,1.0
ybdN,flhD,0.996387243270874
ybdN,dhaR,0.9973673224449158
fliE,gatR_2,1.0
yeaH,exuR,0.9998270869255066
yeaH,gatR_2,1.0
galK,leuO,0.9999083280563354
sdhD,bolA,0.9957053065299988
pspE,hcaR,0.966858446598053
decoy30,dsdC,0.9999387264251709
ilvC,gcvA,0.999991774559021
ilvC,allR,0.9954031705856323
serC,gcvA,0.9999948740005493
ydfD,exuR,0.999940037727356
feoA,deoR,0.9996137022972107
feoA,idnR,0.8882455825805664
feoA,hupA,0.9999984502792358
leuX,gcvA,0.9999891519546509
acnB,pdhR,0.8332549929618835
fdnG,flhD,0.9976971745491028
sucB,decoy15,0.9981285929679871
rpsU,gatR_2,1.0
decoy47,decoy3,0.9613004922866821
decoy47,leuO,0.9998970031738281
argO,melR,0.9999955892562866
umuD,rhaS,0.8414983749389648
dinG,leuO,0.9999263286590576
cspD,nikR,0.9999827146530151
cspD,dhaR,0.9995366334915161
glnA,hupA,0.9999973773956299
cheZ,idnR,0.8954578638076782
cheZ,dnaA,0.9999547004699707
sufE,hupA,0.9999992847442627
glcF,hupA,0.9999768733978271
livK,leuO,0.9999819993972778
ubiX,gatR_2,1.0
agaC,zntR,0.9999066591262817
cheW,idnR,0.9745100736618042
rrsC,flhD,0.9996023774147034
rrsC,idnR,0.9823951125144958
rrsC,malI,0.8721805214881897
erpA,nikR,0.999988317489624
hyaF,dsdC,0.99996018409729
lon,dsdC,0.9997357726097107
tehA,nikR,0.9999821186065674
cstA,zntR,0.9998546838760376
sra,flhD,0.9995960593223572
sra,dhaR,0.9996901750564575
kdpB,fabR,0.9969526529312134
dsbA,gatR_2,1.0
valT,gcvA,0.9999943971633911
valT,hupA,0.999998927116394
azuC,torR,0.9983540773391724
ybdZ,nikR,0.9999850988388062
flgN,gadW,0.9939956068992615
hyfE,leuO,0.9999961853027344
cysM,nikR,0.9999792575836182
nuoF,creB,0.8952837586402893
pnuC,gcvA,0.9999964237213135
pnuC,dhaR,0.9997225403785706
tauD,treR,0.9381332397460938
tauD,mntR,0.9728835821151733
tauD,nikR,0.9999821186065674
tauD,dnaA,0.9999642372131348
fdnH,flhD,0.9984943866729736
fdnH,hupA,0.9999984502792358
arsB,gatR_1,0.9908089637756348
mdtB,slyA,0.8084138035774231
mgtA,gatR_2,1.0
manY,zur,0.990720272064209
manY,zntR,0.9998999834060669
glnV,hupA,0.9999747276306152
appB,zntR,0.9999114274978638
gcvB,exuR,0.9994463324546814
gcvB,nanR,0.8002768158912659
gltI,zntR,0.9996776580810547
upp,nikR,0.9999814033508301
upp,hupA,0.9999990463256836
upp,dhaR,0.9994472861289978
metK,hyfR,0.8325881361961365
phoH,dnaA,0.9999681711196899
ssuC,leuO,0.9999963045120239
ssuC,zntR,0.9998849630355835
alaW,nikR,0.9999147653579712
dsdX,decoy15,0.9994148015975952
rrfB,gatR_2,1.0
rutC,decoy8,0.9954860806465149
srlD,fnr,0.9687305688858032
ddlB,torR,0.9995582699775696
ddlB,cusR,0.854617178440094
rpsJ,nikR,0.9999746084213257
rpsJ,xylR,0.8964685201644897
rbfA,decoy8,0.9871569275856018
atoB,uidR,0.9059173464775085
speC,dsdC,0.9973926544189453
speC,rbsR,0.9935742020606995
gntT,gatR_2,1.0
asr,hcaR,0.9368848204612732
hyfC,bolA,0.9509680271148682
xylG,melR,0.9999489784240723
purF,allR,0.956628143787384
nadB,dnaA,0.9999580383300781
uraA,deoR,0.9997054934501648
alaV,gatR_2,1.0
galM,dsdC,0.9999417066574097
galM,melR,0.9999964237213135
metN,nikR,0.9999734163284302
aceA,hupA,0.9999991655349731
aceA,dhaR,0.999634861946106
trmD,exuR,0.9998742341995239
malE,hupA,0.9999990463256836
decoy59,decoy15,0.9790027737617493
hycA,creB,0.9924207329750061
proM,gadW,0.9985672235488892
proM,nikR,0.999951958656311
proM,dnaA,0.9998959302902222
decoy49,dnaA,0.9999767541885376
entD,leuO,0.9999960660934448
thrT,fabR,0.9999525547027588
entE,gcvA,0.9999905824661255
entE,dhaR,0.9987906813621521
ppdD,gatR_2,1.0
ppdD,leuO,0.9999971389770508
hlpA,leuO,0.9999966621398926
gabP,nikR,0.9999693632125854
gabP,dnaA,0.9999362230300903
bglF,gcvA,0.9999444484710693
ysgA,treR,0.8349929451942444
xdhB,leuO,0.9999872446060181
iscU,deoR,0.9996154308319092
yhfA,rtcR,0.9999594688415527
pitB,flhD,0.9989379048347473
nagA,fucR,0.8274840712547302
uspA,melR,0.9999922513961792
ccmC,rtcR,0.9991911053657532
ugpE,nac,0.9934513568878174
ugpE,cusR,0.8678041696548462
bioB,nikR,0.9999608993530273
hypD,idnR,0.9777774810791016
decoy61,decoy15,0.9894351363182068
murG,mntR,0.892937421798706
puuD,nac,0.9699119925498962
puuD,torR,0.9985504746437073
tauC,appY,0.9977418184280396
fumC,dnaA,0.9999650716781616
sfsA,gatR_2,1.0
ulaD,dnaA,0.9999675750732422
trpB,zur,0.9923020601272583
psiF,murR,0.9460432529449463
psiF,gatR_2,1.0
hcaF,melR,0.9999957084655762
hcaF,rbsR,0.9998540878295898
hcaF,allR,0.9952887296676636
hcaF,dhaR,0.9989405274391174
ulaC,decoy8,0.9773854613304138
phnE,gatR_2,1.0
bdm,gcvA,0.9999916553497314
bdm,gatR_2,1.0
modC,ascG,0.9810669422149658
flhA,decoy15,0.9992037415504456
flhA,zntR,0.9997944235801697
decoy76,deoR,0.9997181296348572
lsrB,hupA,0.9999967813491821
argU,asnC,0.9960110187530518
speA,rpiR,0.9995701909065247
gadC,allS,0.8387422561645508
ugpC,deoR,0.9997660517692566
entS,decoy15,0.9996520280838013
ptsI,hupA,0.9999986886978149
oppF,decoy3,0.9921999573707581
gnd,murR,0.9966070652008057
tpx,fabR,0.9999375343322754
ccmB,nikR,0.9999871253967285
yqjI,hupA,0.999998927116394
amiA,dhaR,0.9993129968643188
purL,exuR,0.9997898936271667
grpE,exuR,0.9999405145645142
fecR,gatR_2,1.0
glpF,gadW,0.9632312059402466
glpF,gatR_2,1.0
pheS,nikR,0.9999792575836182
dppA,dsdC,0.9999279975891113
dppA,allR,0.9958791732788086
dppA,dhaR,0.9990198612213135
gltL,hns,0.8705554604530334
gltL,nikR,0.9999856948852539
allB,rpiR,0.9910271763801575
tadA,ihfA,0.8230297565460205
asnB,leuO,0.9999966621398926
tbpA,hupA,0.9999988079071045
tbpA,dhaR,0.9991258978843689
bglG,decoy8,0.9895688891410828
hyaB,dnaA,0.9999337196350098
argW,murR,0.9951933026313782
csgA,gatR_2,1.0
glpE,zntR,0.9948689937591553
fimH,gcvA,0.9999889135360718
cydA,rbsR,0.999875545501709
pgi,flhD,0.9994105100631714
mglA,gatR_2,1.0
moeB,leuO,0.9999935626983643
uvrY,hns,0.9062834978103638
uvrY,nikR,0.9999878406524658
uvrY,dnaA,0.999975323677063
glmU,rbsR,0.9984980821609497
ybaT,dnaA,0.999921441078186
dppC,hupA,0.999998927116394
hycF,melR,0.9999947547912598
hycF,rbsR,0.9997983574867249
zraP,melR,0.9999598264694214
hflD,yiaJ,0.8200100064277649
murP,gcvA,0.9999767541885376
tnaA,gatR_2,1.0
fimC,hyfR,0.9428969621658325
gatA,hupA,0.9999984502792358
srlE,melR,0.9999939203262329
rrsB,melR,0.9999938011169434
rrsB,rbsR,0.9997650980949402
fliG,exuR,0.9997487664222717
fliG,flhD,0.9982410669326782
fliG,nikR,0.9999634027481079
atoE,exuR,0.9999210834503174
artI,dsdC,0.9998074173927307
feaB,mntR,0.901681661605835
feaB,dnaA,0.9999295473098755
cusB,gatR_2,1.0
appA,hupA,0.999998927116394
caiD,torR,0.9997072815895081
decoy29,gatR_2,1.0
cysH,agaR,0.918140172958374
pheU,dnaA,0.9999592304229736
paaI,exuR,0.9997962117195129
xylA,dsdC,0.9999696016311646
omrA,dsdC,0.9999266862869263
yibD,murR,0.9954798221588135
envZ,nikR,0.9998513460159302
envZ,zntR,0.9984065890312195
envZ,dnaA,0.9996455907821655
ilvL,bolA,0.996906578540802
glgC,melR,0.9999897480010986
alaX,deoR,0.998712420463562
alaX,nikR,0.9999294281005859
dctA,deoR,0.9974843263626099
dctA,nikR,0.9998883008956909
dctA,allR,0.9676900506019592
dctA,hupA,0.9999959468841553
rfaZ,decoy3,0.997272789478302
rfaZ,leuO,0.9999884366989136
rfaZ,zntR,0.9992135763168335
hdeA,leuO,0.9999947547912598
ecnB,ilvY,0.9930447936058044
appC,melR,0.9999881982803345
narX,nemR,0.931563675403595
narX,dnaA,0.9999374151229858
ppiD,allR,0.9943380951881409
ppiD,hupA,0.9999984502792358
nrfA,dhaR,0.9991810917854309
hybF,gatR_1,0.9575375318527222
mdtD,decoy15,0.998704195022583
mdtD,melR,0.9999951124191284
mdtD,allR,0.9940335154533386
napG,gcvA,0.9999921321868896
napG,rbsR,0.9998610019683838
yiaM,nikR,0.9999728202819824
uhpT,hdfR,0.9827061891555786
yoaG,agaR,0.9785088896751404
dhaL,gadE,0.9475996494293213
hisP,gatR_2,1.0
hisP,hupA,0.9999977350234985
pqiB,rpiR,0.9974218606948853
sgrS,hupA,0.9999971389770508
decoy56,fabR,0.9999251365661621
csgG,dnaA,0.9998881816864014
cydC,gcvA,0.9999945163726807
fecB,asnC,0.9946308135986328
tdcC,rtcR,0.9962878227233887
rutA,gcvA,0.9999940395355225
phnL,dnaA,0.9999330043792725
yiaN,gatR_2,1.0
cynS,hupA,0.9999963045120239
fadA,cusR,0.9684088230133057
fadA,relE,0.9768516421318054
carB,zntR,0.9998838901519775
gspB,pspF,0.851073682308197
atoA,fabR,0.9999068975448608
aldA,gcvA,0.9999794960021973
aldA,murR,0.8536422848701477
aldA,gatR_2,1.0
ilvN,nikR,0.9999765157699585
paaE,exuR,0.9997918009757996
paaE,gatR_2,1.0
rhaD,zntR,0.9993162155151367
cyoD,leuO,0.9999911785125732
cyoD,zntR,0.9995424747467041
pstB,nikR,0.9999703168869019
ynfG,gcvA,0.9999771118164062
eno,gatR_2,1.0
eno,fabR,0.9999531507492065
eno,zntR,0.9998414516448975
eno,dnaA,0.9999533891677856
metT,exuR,0.9948369264602661
decoy78,zntR,0.9998559951782227
fliL,dicA,0.9329910278320312
allD,gatR_2,1.0
decoy70,gcvA,0.999993085861206
rpmC,marA,0.9388477206230164
bioF,flhD,0.9988566637039185
fimA,gatR_2,1.0
yjjQ,fabR,0.9999722242355347
tsr,exuR,0.9998608827590942
yeaG,zntR,0.9998648166656494
gcl,decoy8,0.9808582663536072
gcl,appY,0.9962248802185059
dinD,nikR,0.9999637603759766
torC,torR,0.9999117851257324
torC,zur,0.9953091740608215
sodA,decoy8,0.9695252776145935
astA,decoy3,0.9820436239242554
astA,gadE,0.8379194736480713
nikA,nikR,0.9998987913131714
mdtF,leuO,0.9999947547912598
mdtF,zntR,0.9997453093528748
nrfB,flhD,0.9987519979476929
icd,rhaS,0.9580489993095398
nrdD,gatR_2,1.0
pgaA,deoR,0.9998419284820557
rffG,cytR,0.9070805311203003
rffG,dhaR,0.9995941519737244
phr,rtcR,0.9991334080696106
lldP,decoy8,0.9951587319374084
gadB,exuR,0.9994207620620728
gadB,gatR_2,1.0
gadB,flhD,0.9952237010002136
sdhC,gatR_2,1.0
treB,deoR,0.9811220169067383
moeA,nikR,0.9999815225601196
ulaG,leuO,0.9999819993972778
fliD,hupA,0.9999986886978149
yafO,gcvA,0.9999939203262329
lysT,gcvA,0.9999951124191284
fimE,idnR,0.8658519387245178
mraY,melR,0.9999932050704956
mraY,dnaA,0.9998767375946045
yrbL,melR,0.9999793767929077
yrbL,rbsR,0.998764157295227
yrbL,ilvY,0.8398709297180176
alaU,agaR,0.9978733062744141
alaU,hupA,0.9999980926513672
fliK,nemR,0.985305905342102
osmB,zntR,0.999872088432312
trg,dsdC,0.9999454021453857
hyfB,fabR,0.9999203681945801
baeS,creB,0.9884892106056213
exbB,dnaA,0.9999480247497559
aroA,leuO,0.9999969005584717
gntX,gcvA,0.9999891519546509
ybjC,gatR_2,1.0
ybjC,dnaA,0.9999594688415527
ddpB,leuO,0.9999810457229614
ddpB,zntR,0.9985302686691284
yegR,cytR,0.8883835673332214
pdxA,dsdC,0.999925971031189
hycD,soxR,0.8306280970573425
hycD,gatR_2,1.0
scpB,melR,0.9999948740005493
scpB,rbsR,0.9997981190681458
dhaK,dnaA,0.9999759197235107
ycfS,rpiR,0.999065101146698
lyxK,gcvA,0.9999170303344727
lyxK,gatR_2,1.0
hyfD,gatR_2,1.0
chpA,rbsR,0.9998947381973267
ugpQ,rtcR,0.9991652965545654
ugpQ,gcvA,0.9999525547027588
pstS,zntR,0.999823272228241
mazG,allR,0.9869039058685303
fdhF,leuO,0.9999915361404419
fdhF,zntR,0.9996367692947388
umuC,gcvA,0.9999632835388184
umuC,dnaA,0.9996079802513123
pgaD,decoy1,0.9756887555122375
pstC,gcvA,0.9999929666519165
pstC,nikR,0.9999736547470093
thiP,gatR_2,1.0
seqA,melR,0.999975323677063
seqA,dhaR,0.9850847125053406
chbG,gcvA,0.9999858140945435
chbG,leuO,0.9999908208847046
yciF,allR,0.9976398944854736
garK,uhpA,0.8138847351074219
phoE,hns,0.9022877216339111
cyaR,exuR,0.9998865127563477
fhuD,cueR,0.875906765460968
decoy50,gatR_2,1.0
araD,asnC,0.9925496578216553
purC,atoC,0.9923872947692871
decoy67,decoy15,0.9986538887023926
decoy67,gatR_2,1.0
ydhO,zur,0.9956918358802795
dctR,nikR,0.9999270439147949
dctR,dnaA,0.9998326301574707
fabB,gcvA,0.9999908208847046
fabB,decoy3,0.9993866682052612
fabB,atoC,0.994299054145813
cyoA,ascG,0.9815669059753418
decoy55,flhD,0.9993366599082947
glnL,flhD,0.9991487264633179
fadD,decoy4,0.9250820279121399
fadD,dhaR,0.999546229839325
frdD,murR,0.9955219030380249
rrfD,decoy8,0.985964298248291
agp,gatR_2,1.0
polB,gadW,0.9801992774009705
modB,gadW,0.9938030242919922
modB,gatR_2,1.0
recA,flhD,0.996368408203125
cyoB,zntR,0.9999065399169922
oppA,leuO,0.9999963045120239
oppA,hupA,0.999998927116394
rrlB,gatR_2,1.0
qseC,gatR_2,1.0
serA,fabR,0.9999114274978638
cpxA,gcvA,0.999988317489624
nagD,atoC,0.9470425248146057
nagD,fabR,0.9997072815895081
decoy33,gcvA,0.9999932050704956
rpsQ,hupA,0.9999980926513672
sdhB,dnaA,0.9999607801437378
nemA,nikR,0.999976396560669
nemA,dnaA,0.9999517202377319
rrfA,gcvA,0.9999635219573975
rrfA,nikR,0.999833345413208
rrfA,allR,0.9486138820648193
rrfA,dhaR,0.9897977113723755
decoy54,gatR_2,1.0
fucK,asnC,0.9818591475486755
codB,nemR,0.9893698692321777
dsdA,bolA,0.9898837804794312
edd,exuR,0.9998953342437744
sdhA,gatR_2,1.0
sdhA,flhD,0.9969385862350464
yhiD,flhD,0.9988640546798706
gatC,nikR,0.9999122619628906
pspG,uhpA,0.8878200054168701
thrS,creB,0.9702401161193848
metI,gcvA,0.9999945163726807
decoy19,hupA,0.9999988079071045
nanA,dsdC,0.9999598264694214
pheT,dnaA,0.9999685287475586
decoy51,gatR_2,1.0
murQ,melR,0.999994158744812
murQ,flhD,0.9982068538665771
mdh,dnaA,0.9999650716781616
fadL,dnaA,0.999966025352478
pspG,decoy53,0.9999797344207764
ccmD,galS,0.9999960660934448
oppD,ilvL,0.9999935626983643
metU,hyfC,0.9815399050712585
recC,fliM,0.9999750852584839
ydfN,torR,0.999980092048645
hemH,proP,0.9088926911354065
tauD,mhpF,0.9999107122421265
rpiR,ansB,0.9999029636383057
yjbH,puuA,0.9988144636154175
scpA,aroG,0.9953340888023376
hybG,yafP,0.9999943971633911
xdhA,dppA,0.9969139099121094
entD,malS,0.9097521305084229
decoy73,omrA,0.8116452693939209
tufB,araF,0.9055151343345642
argX,hycE,0.8074315786361694
purF,dapB,0.9853562712669373
ynfH,hisR,0.8786205053329468
mhpA,degP,0.9558752179145813
icd,artQ,0.9527052640914917
glrR,glnW,0.9403465986251831
napD,topA,0.8136531710624695
hybE,cyoE,0.8532991409301758
hyfD,flgN,0.823136568069458
decoy63,eda,0.8088070154190063
